Id,Income,Age,Experience,Married/Single,CURRENT_JOB_YRS,Risk_Flag
154400,8306358,47,15,single,14,0
59481,4392927,41,2,single,2,1
50443,208537,33,6,married,6,1
63544,8752516,33,2,married,2,0
74155,499939,25,17,married,9,0
227748,5040293,60,19,married,3,1
4859,8603183,62,15,married,12,0
199579,2748810,71,2,single,2,1
244460,4733295,72,3,married,3,1
836,8631895,27,12,married,7,0
146506,1442794,35,20,married,10,1
172125,370760,27,16,single,12,0
87891,6725891,25,11,single,11,0
30253,2625246,30,19,single,7,0
36992,8451500,69,7,married,7,1
73769,9731079,70,1,married,1,0
86600,979926,61,14,single,7,1
11262,414060,64,16,single,14,1
2877,9264506,60,7,single,7,0
19113,1151169,78,14,married,13,0
227685,4685042,50,3,married,3,0
174533,9537662,44,19,single,14,1
111961,6427114,71,12,single,4,1
82497,5131419,26,2,single,2,1
90935,4076147,25,16,married,6,0
130418,6440066,74,15,single,8,0
217428,1163260,30,16,single,9,1
198367,4006666,24,11,single,9,0
154053,5971936,24,1,single,1,1
49660,7804668,54,0,single,0,0
53746,474864,73,14,married,9,0
226561,6454730,45,5,married,3,1
35226,84951,48,3,married,3,0
205619,7914034,23,2,single,2,1
233776,8694571,44,5,married,5,1
72427,3478374,74,5,single,5,1
184392,6372556,39,10,single,3,0
234933,602372,67,8,married,7,1
80681,3049346,26,5,married,3,1
76342,1442794,35,20,married,10,1
16562,2653315,76,8,married,8,1
174067,3758841,76,8,single,8,1
61670,332177,70,20,single,7,1
30,4386333,31,16,single,3,0
188621,3040483,33,7,single,7,0
15606,4739803,70,18,single,3,0
197033,5090745,35,5,married,5,0
83661,1847709,44,3,single,3,1
120882,4806237,79,10,married,4,1
162537,7564205,36,10,single,10,0
143069,1360053,47,9,single,4,1
213556,3424035,24,2,single,2,1
196295,1891120,59,10,single,10,0
246288,157449,42,14,married,12,1
158825,1915161,62,16,single,9,0
99332,6649334,59,12,married,11,0
211429,7429005,69,2,married,2,1
135472,976533,48,2,single,2,1
86531,4759451,60,4,married,4,0
110337,8982743,34,15,married,8,0
105613,7861265,23,18,married,13,0
65830,2167931,58,13,married,9,0
4745,4164102,63,4,married,4,0
66460,8355348,63,9,single,5,0
137653,5090745,35,5,married,5,1
49844,8151369,67,11,single,6,1
60341,7715562,55,6,married,6,1
189163,2667227,76,6,single,6,0
86264,2366869,27,7,married,7,0
206943,1888040,43,2,married,2,1
53445,3784689,39,7,married,7,1
231696,1816328,57,3,single,3,1
72651,4763378,70,6,single,6,1
177901,9768584,52,14,married,11,0
227996,8927336,40,3,single,3,1
223858,5087803,28,15,single,12,1
38789,7732113,34,6,single,6,0
226520,9505926,62,5,single,4,1
39180,4128579,52,15,married,13,1
135051,5898669,32,9,married,6,1
212695,7908473,66,0,single,0,1
232689,2447089,41,10,single,3,0
127879,5393575,22,1,single,1,1
216952,260660,58,15,married,3,0
1903,9345198,49,9,single,9,1
177714,8161703,34,2,married,2,0
217932,1419565,51,6,single,6,1
119515,3470076,44,15,single,11,1
5459,5898669,32,9,married,6,1
88899,7835117,40,3,single,3,0
223470,4417186,49,19,married,6,1
143320,3424035,24,2,single,2,1
207272,2229331,79,6,single,6,1
117953,7716196,27,5,single,5,1
212600,9377132,34,2,single,2,0
56019,5839084,35,20,single,10,0
122245,3285395,72,19,single,13,1
234293,1123587,42,10,single,8,0
140457,5522159,22,6,single,6,1
79451,340310,70,7,single,7,0
170272,4104566,73,11,married,11,0
218551,8532973,66,1,married,1,0
19513,5388842,79,4,single,4,1
61846,2974289,22,3,single,3,1
203660,2039792,32,10,single,10,0
173257,7563306,55,15,single,12,1
189139,1312362,25,7,married,7,1
228553,8501244,72,17,single,8,1
251000,7711597,58,5,single,5,1
92038,2442178,34,15,married,10,0
70465,2442178,34,15,married,10,1
235698,3662354,37,15,single,10,1
7214,116617,62,15,single,14,1
179555,1848729,41,20,married,11,0
117101,9985964,28,8,married,8,1
219958,5380623,33,6,married,6,1
77870,7059372,43,4,married,4,1
246937,160174,47,11,married,11,1
87038,8669868,63,10,single,6,0
243988,8501631,54,14,single,6,1
114463,1500447,75,13,married,13,0
171138,9559020,36,12,single,12,0
219040,8237186,35,16,married,13,1
234872,9146538,52,5,married,5,1
13503,3019045,76,12,single,11,1
6778,2087379,33,17,married,4,0
75333,1051945,70,7,married,7,1
50425,7756519,56,4,single,4,1
228981,1463610,53,1,married,1,0
72688,9376698,53,2,married,2,0
214871,2838734,58,14,single,5,1
48722,1328487,67,12,married,7,0
199129,3941355,71,14,married,12,0
233279,4639561,33,5,married,5,1
3545,3679248,74,6,single,6,0
39551,9165973,37,14,single,11,0
238926,7589520,36,2,married,2,0
228068,4036551,54,11,married,11,1
146985,2915711,53,7,married,7,0
49452,4707147,27,10,single,4,0
275,6152756,49,3,married,3,0
15144,5129206,59,8,single,3,1
36343,235563,48,5,married,5,1
4327,8489881,34,4,married,4,0
234456,1975283,54,0,single,0,1
117206,6134910,60,6,married,3,0
247745,888981,33,17,married,8,1
11836,9314999,51,20,married,7,1
248228,1517493,23,11,married,11,1
215821,474864,73,14,married,9,0
73906,7535330,27,17,single,5,1
229554,9461460,70,5,married,5,0
172033,9058726,61,20,married,11,0
60181,215207,32,7,married,7,1
31407,1399162,22,8,single,8,0
53146,9213176,50,13,single,3,1
51858,3023559,65,16,married,8,1
130708,2151167,41,2,single,2,0
69190,7731935,25,3,single,3,0
85849,1091635,74,11,single,3,1
144249,7280359,21,11,single,6,1
230645,4729504,48,18,single,7,1
143553,456398,74,17,single,7,0
157300,3734522,47,1,single,1,1
52821,1503033,72,19,married,3,0
69708,5127918,75,13,married,13,0
84409,7932088,41,20,married,5,1
73177,7312632,53,8,single,8,0
172392,3049346,26,5,married,3,1
24447,5850867,30,1,married,1,0
39058,6420146,57,19,single,9,0
99528,4862321,65,16,married,9,0
92959,1818095,30,1,married,1,1
170306,7312632,53,8,single,8,0
69456,8451500,69,7,married,7,1
193966,9307114,27,15,single,13,1
235997,5406747,31,15,single,6,1
119360,2926477,78,19,single,3,1
15075,6830726,29,20,married,3,0
161025,7764998,33,9,married,7,0
227183,9781998,55,7,single,7,0
39281,630763,36,17,married,13,1
5952,3372296,26,10,married,10,0
251811,3876207,63,2,married,2,1
6073,7673823,63,15,married,11,1
103807,7261695,72,7,single,7,0
81712,4593497,33,15,married,8,1
102168,5284369,76,13,married,9,0
228271,8334602,59,13,married,3,0
219391,777836,56,16,single,9,0
181977,6134910,60,6,married,3,1
60152,5238806,65,3,single,3,1
111935,8494011,72,20,single,11,0
225033,6095402,33,16,married,10,1
215566,7159752,60,18,single,3,1
247517,3879921,34,19,single,10,1
239256,2503532,31,3,single,3,1
95162,7769983,61,19,single,8,0
112921,4536163,66,18,single,13,1
228384,4857868,35,2,married,2,0
162032,1494586,63,20,single,3,0
147320,630763,36,17,married,13,1
45497,3884230,25,13,single,10,0
144126,1737580,39,0,married,0,0
141981,603307,46,12,married,12,1
62210,7790773,40,10,married,9,1
105080,226480,53,11,married,8,0
70757,5707558,57,9,single,9,0
211588,7715562,55,6,married,6,1
238273,4367410,48,9,married,8,1
65283,5915580,68,20,single,7,1
143479,8897257,65,12,single,5,1
56552,3264559,29,14,married,4,1
3040,3373735,44,4,single,4,1
55136,1117607,53,13,married,6,0
98312,5439814,66,12,married,12,0
19961,6591039,72,15,single,3,0
233995,9170225,65,7,single,7,0
217056,670004,64,8,single,8,1
233379,420221,58,6,married,6,0
211600,803487,50,14,single,6,0
44587,9409703,53,16,married,14,0
80447,2912105,21,14,married,5,0
207184,1067890,41,14,single,3,1
121789,8913238,72,14,married,5,0
142756,7970733,26,7,single,7,1
241122,9574108,78,18,single,8,1
240270,7306791,28,18,married,8,1
1382,9645128,26,2,single,2,1
183109,423074,54,16,single,14,1
105519,4313468,35,10,married,6,0
41389,6503458,55,17,single,9,1
228548,5420983,50,12,single,12,1
239965,7030288,23,19,married,14,1
246560,4070421,22,8,married,5,1
18813,2211161,46,6,married,6,0
72835,5090745,35,5,married,5,1
31838,5379845,31,5,married,5,0
121641,7790773,40,10,married,9,1
136756,3577693,46,4,married,4,0
41378,8135531,60,10,single,4,1
37635,555485,31,15,single,12,1
69368,4570845,47,3,single,3,1
176670,9886335,57,15,single,12,0
191487,363970,33,9,single,9,0
74868,8451500,69,7,married,7,1
51243,5626095,71,14,married,5,0
180824,5090745,35,5,married,5,1
161848,5195681,53,1,married,1,0
77856,7574572,78,5,single,5,1
237055,4980527,76,9,single,6,1
247085,2073847,38,15,married,4,0
61458,4806237,79,10,married,4,1
241466,1258001,52,0,married,0,1
234914,8433570,24,9,single,4,1
199728,8434862,27,9,single,5,1
184010,6118570,53,14,married,14,0
246273,4713527,46,15,single,10,1
30496,2487718,24,12,single,10,0
116776,7932088,41,20,married,5,0
142620,5951430,55,10,married,10,0
112158,9350682,42,12,single,7,0
106705,1640008,38,5,single,5,0
111969,1362373,21,0,single,0,1
47168,988540,65,14,single,13,0
174476,3238461,35,16,single,8,1
238638,5170120,41,6,single,6,0
200925,9806306,78,15,single,4,0
73914,9985964,28,8,married,8,1
55439,3338595,23,15,single,4,1
111873,8840108,49,10,married,6,0
241685,3211208,75,20,single,7,1
33107,3734522,47,1,single,1,1
118467,3049346,26,5,married,3,1
99174,2300039,36,4,single,3,0
222431,7868705,35,5,married,4,0
207859,4351817,31,3,married,3,1
137821,2831745,51,16,single,8,0
241384,9250579,56,6,married,6,1
86720,6787542,22,0,single,0,1
179588,9768901,74,15,married,3,1
74368,5559747,64,9,single,9,1
218105,3768988,40,10,married,5,1
33960,603307,46,12,married,12,1
44026,702863,77,10,single,9,0
237957,8383217,26,20,single,7,1
186035,2974289,22,3,single,3,1
76754,2206541,52,10,single,10,1
28338,6204574,27,12,single,5,0
148087,7500815,31,18,married,14,0
151389,4187964,78,2,single,2,1
120432,2045156,35,9,single,9,1
249082,633845,66,12,single,5,0
66447,7571977,75,5,single,5,1
83744,4620331,77,17,married,12,1
41935,4806341,79,3,single,3,0
220885,2732037,63,18,married,12,1
93402,2045156,35,9,single,9,0
111631,469529,49,7,single,7,0
40855,3580985,53,13,married,13,1
84874,8377998,65,13,single,4,1
16654,1966474,26,16,single,4,0
53031,3379005,77,1,single,1,1
191374,8024706,66,17,married,12,0
142619,7644982,24,1,single,1,1
141763,9299383,56,15,single,8,1
165302,7769983,61,19,single,8,0
49852,6380792,51,12,single,12,1
1000,5472585,63,17,married,6,0
207632,5055246,39,19,single,12,0
247162,3173716,29,8,single,8,1
97979,7074289,37,1,married,1,0
11011,461499,68,2,married,2,0
203648,2731553,56,14,married,3,0
152544,1848729,41,20,married,11,0
23985,7200030,46,17,single,9,0
26081,4076147,25,16,married,6,1
90223,757592,23,5,married,3,0
119081,568591,65,5,single,5,0
84423,7248241,63,12,single,4,1
174247,7503751,27,17,single,8,1
204838,1524812,22,8,married,4,0
162478,1097615,59,15,married,5,0
52537,3802122,54,17,single,4,1
33317,7715562,55,6,married,6,1
27427,1700810,79,1,single,1,0
183689,1800877,21,10,married,5,1
224605,3455572,24,5,married,5,0
156128,7334800,75,3,single,3,1
201011,9047999,50,1,single,1,0
7553,4691275,56,6,married,6,0
86533,245844,67,4,married,3,0
80801,1148139,27,9,single,5,1
135147,9364159,77,6,married,4,0
137810,5695731,32,10,single,9,0
34231,779324,45,20,single,4,1
33623,9052853,52,15,single,12,1
114096,7673823,63,15,married,11,0
222255,9080449,42,6,single,6,0
248969,9500185,32,9,married,9,0
243879,1282180,34,4,married,4,1
101143,2436293,58,5,single,5,0
222303,6380303,38,18,married,7,1
240167,834952,74,7,married,7,0
219000,695029,39,0,single,0,1
142459,3463312,76,2,single,2,0
121764,1151169,78,14,married,13,0
52385,9531730,62,18,single,14,0
173617,800194,33,5,single,5,1
92301,340075,45,0,single,0,1
172913,4853948,39,10,single,10,0
228739,1150260,40,5,married,5,1
57472,6597082,50,10,single,3,0
133946,8948812,52,11,single,10,0
149014,9173092,30,19,single,9,1
152488,9639313,38,4,single,4,1
13611,2549997,51,15,married,13,1
208157,4104566,73,11,married,11,0
213472,7802075,53,18,single,7,0
58779,8007329,77,9,single,9,0
75592,3666346,56,12,single,12,1
38279,6120219,25,8,single,3,1
143748,6973577,43,15,married,5,1
186714,7627512,44,14,single,5,0
17474,1514602,71,6,single,6,1
143939,9731079,70,1,married,1,0
22571,4813985,21,8,single,8,0
215745,1051945,70,7,married,7,1
104187,255794,36,13,single,6,0
155606,7792403,65,8,single,3,0
224115,9409842,43,18,single,9,0
137932,7046794,23,7,married,6,0
152490,5570090,74,1,single,1,0
186406,7790773,40,10,married,9,0
144857,3145889,47,17,married,4,1
143451,9558008,49,1,single,1,1
204547,2322708,25,5,married,5,0
245202,8535109,22,11,single,11,1
251944,8525973,31,16,married,9,1
141140,9073203,71,13,single,9,1
199509,9265462,48,6,single,6,1
228041,4892843,67,0,married,0,1
224466,6006916,63,19,married,4,1
53255,4016515,56,13,married,6,1
223246,4368182,32,7,married,7,1
87828,59539,51,3,married,3,0
76589,7715562,55,6,married,6,1
3115,3154685,27,1,single,1,1
169657,6733582,24,3,single,3,1
112101,7826657,30,3,single,3,1
239386,2288274,59,19,married,12,0
151645,2407726,75,16,single,5,0
167165,9539445,52,17,single,9,0
184627,7246361,55,19,single,3,0
65082,8573668,57,15,single,13,1
123146,8948812,52,11,single,10,1
27776,6712260,72,10,single,3,0
119237,8458367,79,1,single,1,0
24514,7583518,28,4,single,4,1
237038,3194413,76,1,married,1,1
21309,8936935,36,0,single,0,1
234297,5990447,45,18,single,4,1
251076,7190908,25,14,single,7,0
247435,8856956,47,16,single,3,1
163919,2361934,78,0,married,0,1
139665,3762111,61,13,single,6,1
164027,4854861,77,1,married,1,1
152119,5472585,63,17,married,6,0
200964,3732153,30,0,single,0,0
218300,6854744,77,3,married,3,0
9337,499939,25,17,married,9,0
205901,4477660,30,0,married,0,1
117203,7171645,31,10,married,5,0
218058,8914822,34,0,single,0,1
69593,4873523,22,15,single,3,1
182889,2322708,25,5,married,5,0
187880,5550769,59,5,married,5,0
178320,9352887,53,6,single,6,1
250870,3275010,46,18,single,11,1
9718,9148290,50,15,single,12,1
244519,6799292,68,17,married,9,1
78798,5891297,51,9,single,9,0
216064,6859876,63,16,married,7,1
185008,7363274,70,9,married,5,0
173192,9921748,60,4,single,4,0
209784,2936274,49,4,single,4,1
27513,893955,28,8,married,3,0
234182,2993139,46,10,married,4,0
145862,1319541,72,10,married,10,0
5344,8973412,54,7,single,5,0
214047,3959820,78,9,married,9,1
140344,5768871,47,11,single,3,1
122624,6134910,60,6,married,3,1
149496,1549898,40,3,married,3,0
113059,4175765,79,3,single,3,1
36845,4247262,62,15,married,4,1
40580,2549997,51,15,married,13,1
214398,2518343,53,19,married,13,1
78111,6068842,29,6,single,6,1
11495,7556569,72,6,single,6,0
237054,9760376,29,16,married,13,1
240674,294244,42,7,single,6,1
120086,831067,48,2,married,2,1
146559,8793461,53,18,single,8,0
147459,7157631,30,13,single,10,0
180631,4763378,70,6,single,6,1
39199,7667206,74,17,married,9,1
154475,1731271,44,20,single,8,0
225640,8686841,27,0,married,0,1
180255,6913078,38,14,married,3,1
242446,3699148,33,19,single,14,0
174959,7013255,75,10,single,10,1
251682,7903196,76,1,married,1,1
223854,2939067,30,19,single,12,1
112843,9013759,50,10,single,6,1
19799,8135531,60,10,single,4,1
149327,9849899,39,8,single,5,1
22756,5646079,40,9,single,9,0
51968,7961910,45,19,married,14,1
69574,3254105,69,9,single,6,0
70449,6325118,21,13,single,11,1
9156,972023,37,6,single,5,1
221190,5884480,59,8,married,8,1
5352,9340860,46,11,married,11,0
62285,4313468,35,10,married,6,0
24367,3854933,59,10,married,5,0
86896,9468291,32,0,single,0,0
226781,9541367,44,0,single,0,1
101645,6987406,27,10,single,8,0
130085,4149976,35,15,married,10,0
19378,7757947,62,5,single,4,1
112728,8888670,23,5,single,5,0
40398,7782347,76,8,single,8,0
98221,7843174,64,19,single,14,0
3881,8822191,26,13,single,3,1
165228,6302308,35,19,married,12,0
61265,1950787,53,12,married,7,1
178232,5898669,32,9,married,6,1
232625,6579553,33,18,single,13,0
146047,2442178,34,15,married,10,1
145272,5379845,31,5,married,5,1
16505,1670303,35,13,married,5,1
25795,5550769,59,5,married,5,1
79106,3612614,62,15,single,14,1
21164,5164517,33,17,married,6,1
33283,6064204,62,14,married,10,1
38444,7529689,76,9,single,4,1
145020,8451500,69,7,married,7,1
233375,5449692,54,10,married,3,1
232944,9454916,26,16,single,5,1
57669,2846676,23,12,married,12,0
122823,235563,48,5,married,5,1
96370,2936274,49,4,single,4,1
238827,1746126,43,8,married,8,1
70224,5554586,39,18,single,13,1
235737,4637882,64,9,single,9,0
61182,7581703,40,9,married,9,1
175389,6010140,75,15,single,9,1
177562,8415149,30,19,married,3,0
83724,72998,51,16,single,13,1
137736,66912,27,10,married,10,0
223203,2532420,64,13,single,5,1
205591,8693161,53,5,married,3,1
45226,6913078,38,14,married,3,1
206554,3656909,68,14,single,4,0
152885,1888040,43,2,married,2,1
228075,8996991,40,16,single,8,1
227085,9700998,71,7,married,7,1
145977,5109740,39,6,single,6,1
181488,1839079,43,11,married,10,1
178440,9510775,48,3,single,3,0
67725,6588136,27,7,single,6,0
206262,532746,78,18,married,10,1
87111,5812529,46,2,single,2,1
7717,4995311,67,9,single,9,0
65741,6064204,62,14,married,10,0
19483,1839079,43,11,married,10,1
169994,2489299,22,2,single,2,0
1501,7710784,61,19,single,3,1
180571,5682236,32,14,single,6,0
231165,7053713,74,17,married,5,0
10855,535157,50,2,married,2,1
89531,4080051,57,11,single,4,1
163649,1255514,25,19,single,12,0
136692,8442518,71,6,single,6,1
227505,5010910,56,18,single,4,1
129685,4700701,48,14,single,12,0
178337,7977722,69,19,married,14,0
149576,2036827,49,11,single,10,0
142755,6351922,57,6,married,5,0
84145,3580985,53,13,married,13,1
239404,598916,63,20,single,3,1
35166,5533812,61,13,single,10,0
238777,5978752,34,3,single,3,0
93473,5846474,49,9,married,6,0
15919,8758130,34,20,married,9,1
219612,1860811,32,9,single,8,1
95443,2478951,41,3,single,3,0
22994,4128579,52,15,married,13,1
59750,5808564,65,16,married,14,0
75666,4329713,42,9,married,6,0
40603,9232506,75,2,single,2,1
229228,5657626,76,12,married,11,1
71811,5778620,70,19,single,13,0
210332,1871076,52,18,single,3,1
39818,6913078,38,14,married,3,1
135052,4329713,42,9,married,6,0
25499,5143268,53,4,single,4,1
14158,7151565,58,13,married,13,0
164504,8700927,41,0,married,0,1
109747,1556371,39,11,single,8,1
216558,9374082,29,0,married,0,0
19173,1171826,44,8,single,8,1
248740,4019987,39,13,married,8,1
250138,5004354,52,19,single,4,0
126925,8717303,55,10,single,10,0
100618,8382824,48,8,single,8,0
144226,7810957,48,5,single,5,1
35631,9433222,48,14,single,10,1
131269,3956822,65,5,single,3,0
233366,4244748,72,17,single,5,1
5837,7962325,61,17,single,12,0
8701,1839079,43,11,married,10,1
13464,3231341,47,6,married,6,1
83400,1085302,69,4,single,4,1
239409,6280146,36,4,married,3,0
206478,6161265,34,8,single,4,0
146475,9044259,30,16,single,3,1
179736,7855403,35,0,single,0,0
137745,4275801,78,8,married,3,0
120910,6558368,67,1,married,1,0
77730,6558368,67,1,married,1,0
122367,9849899,39,8,single,5,1
198907,2212082,29,4,single,4,0
193412,8737301,70,14,single,13,0
232787,9364458,31,4,single,4,1
150961,6793519,57,6,single,6,1
204450,1393491,71,13,married,9,0
173705,4961796,42,11,single,11,0
110226,2619515,49,8,single,8,0
129680,326455,27,20,single,3,0
94686,5850867,30,1,married,1,1
233456,2765419,66,11,single,11,1
80515,9103667,54,3,married,3,1
210667,2966907,30,6,married,5,1
26700,6379086,72,11,married,11,0
29164,7059372,43,4,married,4,0
242528,7181074,53,19,married,13,1
140757,527900,61,9,single,9,1
81302,5468664,30,2,single,2,1
160388,9021260,30,17,single,12,0
80474,3411758,35,20,single,4,0
215427,389819,29,3,married,3,1
49583,6381899,68,7,single,4,1
39950,8435439,68,1,single,1,1
205252,5554586,39,18,single,13,1
67053,7059372,43,4,married,4,1
20765,3643652,56,2,single,2,1
74178,9780861,60,14,single,8,0
22214,8744579,34,3,married,3,0
220085,9166672,26,6,married,6,0
60427,1500447,75,13,married,13,1
178063,555485,31,15,single,12,1
27509,346205,68,14,single,6,0
228620,2182261,43,4,single,4,1
183957,4436534,52,1,single,1,0
26420,8727386,46,9,single,5,1
14394,6973369,68,20,single,11,1
68550,6552503,21,15,married,3,0
49489,6064204,62,14,married,10,1
180419,5085906,33,18,married,10,0
122460,6569934,72,9,single,3,1
49597,9083499,77,19,single,13,1
27368,5628436,48,13,single,10,0
137285,8259158,79,14,single,13,1
84536,1927409,73,15,married,4,0
144374,7334328,60,12,single,9,1
157506,8367934,39,0,married,0,0
216435,6913996,24,0,married,0,1
73316,3580985,53,13,married,13,1
188047,8162148,35,18,married,11,0
131165,380430,23,1,married,1,0
72394,1762916,68,16,single,5,0
14084,2566021,39,17,married,3,0
53295,3941355,71,14,married,12,1
181019,2449147,42,3,married,3,0
33014,4477660,30,0,married,0,1
135414,2808095,24,11,married,6,0
164786,2318739,59,4,single,4,1
205499,8433425,63,13,married,6,0
174908,140981,36,17,single,9,1
41842,5351331,78,1,married,1,0
188137,5121883,32,7,married,5,0
86079,5617309,75,16,married,6,1
221943,5119251,60,5,single,5,0
137333,5545217,52,12,married,9,0
209539,8768562,67,13,married,4,0
46737,6584784,64,1,single,1,0
226089,7709597,24,5,single,5,0
79906,5550769,59,5,married,5,1
231076,3169693,24,16,married,10,1
192059,3853423,75,12,single,12,0
238855,9548898,70,20,married,7,0
201961,8139107,35,17,married,12,0
48032,9103667,54,3,married,3,1
72393,4745314,61,18,married,4,0
32349,9760667,63,17,single,13,1
10178,389819,29,3,married,3,1
35632,4236914,47,15,married,10,1
211286,4477660,30,0,married,0,1
197661,5998522,44,1,single,1,0
235506,2424215,22,19,single,13,1
181905,9557082,70,0,married,0,1
148935,8158874,39,10,married,5,0
77774,4902965,32,7,married,7,0
200859,7830578,43,15,married,6,0
227628,6961463,71,1,married,1,1
205014,2177728,29,7,married,7,0
29213,7204122,73,14,married,14,0
123529,7438038,33,6,single,6,0
217031,445567,63,9,married,9,1
108139,624985,47,11,single,6,1
17420,6894008,66,3,married,3,1
140439,3449511,50,19,single,3,0
126808,8700927,41,0,married,0,1
109613,4353927,73,17,married,4,0
69340,8481916,73,0,single,0,1
221575,6545752,78,7,single,7,1
250415,7785014,58,15,married,3,1
182067,9514006,75,9,married,9,0
179140,1577761,22,16,married,7,0
209942,1789952,27,4,married,4,1
65270,1578598,50,11,single,11,1
222642,8424990,76,7,married,5,1
70847,5421595,45,4,single,4,1
215314,7071857,24,10,married,3,1
111031,8786565,42,5,single,4,0
63135,5016115,74,20,single,3,0
49362,7429005,69,2,married,2,1
68656,4503934,57,17,single,5,0
133157,3780397,28,18,single,8,0
97323,4195266,40,20,married,14,0
229126,9895037,66,9,married,9,0
15418,5738912,76,9,married,9,1
171568,3625101,28,5,single,5,1
210104,5379845,31,5,married,5,1
219626,1118375,42,20,single,11,1
232518,684683,53,14,single,9,0
101384,155712,46,9,single,6,0
69865,3386878,42,18,single,3,1
232032,681731,35,18,single,6,1
86141,4304025,53,7,single,7,0
34444,4305317,75,6,single,6,1
223567,2243203,43,7,married,7,1
75685,5165629,61,0,single,0,1
85383,5639383,37,5,single,4,1
156403,7716359,70,0,single,0,1
236400,1693752,73,17,married,13,1
155470,9148290,50,15,single,12,0
226597,3399840,53,9,married,4,1
74218,235563,48,5,married,5,1
124189,7315839,72,8,married,8,0
227224,9051885,65,13,single,4,1
212571,5539169,30,6,married,6,0
33628,6073350,68,5,single,5,1
245834,5311589,42,6,single,6,1
24268,4620331,77,17,married,12,1
88141,5303030,35,7,single,6,0
77431,7581703,40,9,married,9,1
229867,2314837,52,15,single,3,1
46864,1549898,40,3,married,3,0
170964,7007572,24,2,single,2,0
242347,7537767,24,1,married,1,1
184590,532746,78,18,married,10,0
212751,6649334,59,12,married,11,1
4787,8365916,31,18,single,5,0
150020,3864368,58,13,single,8,0
60770,59539,51,3,married,3,0
215529,5379845,31,5,married,5,1
32377,7362882,37,7,married,7,0
7480,6913078,38,14,married,3,1
166071,2794573,52,17,single,14,0
226157,937160,40,11,married,3,1
197103,2467224,35,3,single,3,1
27342,2808095,24,11,married,6,0
198703,6270306,67,13,single,13,1
55483,1684072,73,5,single,5,0
250150,6654728,47,17,married,12,0
243031,2856463,59,1,single,1,0
241623,5076361,35,16,single,6,1
219812,7762734,65,6,married,6,0
179521,5618559,59,9,married,9,0
128883,8189154,62,13,single,12,0
77298,1896404,66,17,married,13,0
235172,8659601,39,6,married,6,0
143934,4316721,78,15,single,14,1
194402,6868118,25,16,single,13,1
12404,9717828,22,13,single,10,0
38224,414060,64,16,single,14,1
244263,5118078,32,1,married,1,0
168661,2882498,34,0,married,0,0
88919,6563391,42,9,married,9,0
109731,3291384,42,4,single,4,1
70680,414060,64,16,single,14,1
209714,362328,25,14,single,8,0
212071,7667206,74,17,married,9,1
139386,6259059,70,8,married,8,1
52511,3804173,21,18,married,8,0
176157,7248241,63,12,single,4,1
18053,1950787,53,12,married,7,1
172335,8374247,25,20,single,4,0
215125,3145889,47,17,married,4,1
64086,5250888,30,10,single,10,1
39147,1707111,53,5,single,5,0
140846,1966474,26,16,single,4,1
41508,8475172,57,12,married,3,0
80599,5098333,31,0,single,0,0
111461,4811867,41,18,married,10,0
106118,265958,21,2,married,2,0
112381,2936833,57,9,single,9,1
82435,9768901,74,15,married,3,1
225260,3520408,73,10,married,6,0
143522,8158874,39,10,married,5,0
18809,4351817,31,3,married,3,1
870,9082033,57,9,single,5,0
41171,3959820,78,9,married,9,1
181596,3959820,78,9,married,9,1
94670,4145448,50,4,single,4,1
109471,1400828,69,9,single,9,0
32398,5898669,32,9,married,6,1
202994,8158874,39,10,married,5,0
9886,3212655,67,19,single,7,1
75931,1670303,35,13,married,5,1
87865,4128579,52,15,married,13,0
139627,247326,68,1,single,1,0
211177,5663627,29,0,married,0,1
174083,8615779,51,20,married,6,0
85139,4409735,54,2,single,2,1
196405,6647354,53,2,single,2,0
20977,3879782,75,8,single,8,0
6598,4881021,76,18,married,9,0
160634,2646140,36,6,single,6,0
107951,1412296,50,17,single,14,0
65970,1818095,30,1,married,1,1
127215,7784617,53,7,married,6,0
67831,8671458,61,3,single,3,0
60829,7667206,74,17,married,9,1
151594,549476,47,1,single,1,1
39526,9002497,25,11,single,11,0
156717,7977722,69,19,married,14,0
161800,1011437,74,2,married,2,0
112232,7468729,50,9,married,5,0
195633,3538290,60,5,single,5,0
171002,2521525,49,20,single,8,0
32492,9364159,77,6,married,4,0
50916,1216848,60,9,single,9,1
149263,2620497,39,6,married,4,1
53628,1415711,40,5,single,5,1
143032,2211161,46,6,married,6,1
112392,1969961,51,9,married,9,0
135525,6298839,34,19,married,5,0
167966,4360408,47,19,single,6,0
9251,7810957,48,5,single,5,1
156064,9931632,51,4,married,4,0
173198,4149976,35,15,married,10,0
190090,1659351,37,12,married,12,0
123353,4076147,25,16,married,6,1
220545,1006795,33,6,married,6,0
199526,9663578,71,16,single,11,1
53349,389819,29,3,married,3,1
214675,5112961,67,5,single,3,1
98203,7231280,27,0,single,0,0
218898,6868453,27,14,married,6,1
118200,389819,29,3,married,3,1
18646,4145551,46,15,married,11,1
178982,1854968,27,19,single,3,0
222703,2747536,53,2,single,2,1
214023,1747153,75,3,single,3,0
36026,9737452,41,1,married,1,0
222849,2395244,21,1,single,1,1
123612,1553697,39,19,married,13,0
35825,2620497,39,6,married,4,1
239067,7097131,37,18,single,9,1
200334,5665290,56,4,single,4,0
135142,8949796,66,0,single,0,0
97043,9338129,26,7,single,4,0
208983,2518343,53,19,married,13,1
33182,2442625,67,9,married,7,1
128383,6619894,44,16,married,6,0
138796,6134910,60,6,married,3,1
91666,3980648,48,19,single,3,1
56327,6733582,24,3,single,3,1
248442,1679143,42,10,married,10,1
42485,1789952,27,4,married,4,1
28398,9766082,28,9,single,3,1
83089,4806237,79,10,married,4,1
13168,1467935,28,8,married,8,1
150791,5164517,33,17,married,6,1
81385,8693161,53,5,married,3,1
21016,3337437,67,5,single,5,1
218632,6193074,63,4,married,4,1
73190,7784617,53,7,married,6,0
69833,5617309,75,16,married,6,1
40072,4819023,50,18,married,12,1
226873,8122945,58,8,single,8,1
523,8079960,53,2,single,2,1
142042,5294937,53,8,married,8,1
98935,3577693,46,4,married,4,0
17231,1500447,75,13,married,13,1
87123,5186187,76,2,single,2,1
245514,8374545,36,17,married,8,1
82347,8605005,31,20,single,5,1
76623,1783274,34,8,single,7,1
7178,4872099,36,1,single,1,0
164328,1467935,28,8,married,8,0
122932,4409735,54,2,single,2,1
164046,289113,40,5,single,5,0
235772,7507231,47,9,single,9,0
218492,520191,79,16,single,7,1
40418,5626095,71,14,married,5,0
157963,9768901,74,15,married,3,0
210498,133768,50,20,single,10,1
178988,215207,32,7,married,7,1
146663,2363748,36,13,married,7,0
120977,8593318,75,20,single,7,1
71638,4128579,52,15,married,13,1
18851,3231341,47,6,married,6,1
7534,6649334,59,12,married,11,1
113542,1800877,21,10,married,5,1
225325,9322480,32,10,married,4,1
236922,2234493,70,8,married,8,1
233898,5479162,59,16,single,3,0
142401,2361934,78,0,married,0,1
62863,3301023,33,16,married,4,0
222957,823158,24,4,single,4,1
36949,5474047,34,3,single,3,1
141910,630763,36,17,married,13,1
25333,861365,43,10,single,10,0
211638,2167931,58,13,married,9,1
108137,4195266,40,20,married,14,0
19057,5850867,30,1,married,1,0
30632,9985964,28,8,married,8,1
43828,4477660,30,0,married,0,1
88764,4862321,65,16,married,9,0
115720,5421502,22,12,single,9,0
1304,9427951,24,11,single,8,1
9658,9370149,35,18,single,6,0
30643,1549898,40,3,married,3,0
43894,3890846,58,16,married,4,1
143377,3214610,65,19,married,4,0
135024,9861298,59,16,single,9,1
49003,8644938,26,11,married,9,0
236501,9431123,48,18,single,5,0
137834,7790773,40,10,married,9,1
144177,7171645,31,10,married,5,1
179455,1857595,26,19,single,12,1
236129,2975400,49,1,married,1,1
196990,8453618,47,4,single,4,1
157486,7065702,42,20,single,9,0
91265,3148579,45,9,single,9,1
60635,831067,48,2,married,2,1
73123,2774442,24,11,married,11,0
15952,5254986,48,6,single,6,1
176495,428454,53,18,single,9,1
235298,9112068,24,20,married,13,0
3309,4236914,47,15,married,10,0
159481,794175,52,1,single,1,1
35151,8293745,60,12,married,12,1
179247,9314999,51,20,married,7,1
233300,346000,78,3,single,3,0
139697,4016515,56,13,married,6,1
237983,6449751,77,4,married,4,0
81743,1442794,35,20,married,10,1
38752,4559022,63,5,single,5,0
176150,1662818,64,18,single,9,1
2006,6437103,56,3,married,3,0
78322,3231341,47,6,married,6,1
123334,6011488,41,2,single,2,1
146347,3372296,26,10,married,10,0
60747,8716053,51,11,married,4,0
233949,4146420,54,14,married,7,0
86529,5522159,22,6,single,6,1
225195,4200949,61,19,married,8,1
227658,674876,22,1,married,1,1
222173,2925515,62,16,married,8,1
232599,9532355,30,19,married,8,1
163838,2975236,55,13,single,12,0
53577,5164517,33,17,married,6,1
88484,6332286,56,19,single,10,0
124612,9078403,25,18,married,9,0
191239,7059372,43,4,married,4,0
227571,4311597,61,14,married,14,0
242175,5120408,52,5,single,5,1
32757,8703835,21,11,single,11,1
212027,9768901,74,15,married,3,1
70916,6875625,77,7,married,7,1
135974,7715562,55,6,married,6,1
22974,7037934,53,17,married,7,1
143871,3390492,54,13,married,10,1
49051,4939664,61,14,married,4,0
133665,6414837,40,3,single,3,0
46055,2755203,64,15,single,11,1
50171,603307,46,12,married,12,1
219640,8797532,59,17,single,14,1
250808,9710874,63,11,single,3,1
182032,282422,28,16,married,6,0
149229,4598010,55,9,single,3,0
33991,412310,54,3,married,3,0
207426,4012270,39,7,single,7,1
205123,1011437,74,2,married,2,0
221983,1583898,75,9,single,6,1
184809,6894008,66,3,married,3,0
80318,1451174,69,5,married,5,0
3255,7273604,27,9,single,9,0
136514,44231,54,13,married,4,0
54894,2740278,65,4,single,4,0
207822,4868070,51,17,married,6,1
38996,6894008,66,3,married,3,1
202874,9840303,24,4,single,4,0
108279,6936269,46,9,single,8,0
11700,2701403,32,3,single,3,0
236801,9824461,65,12,married,12,1
96855,3049346,26,5,married,3,0
90770,6767468,21,3,married,3,0
70871,166480,36,8,single,8,1
169829,6108808,76,16,married,3,0
180486,7353596,66,5,single,5,0
232048,9875874,60,2,single,2,1
40113,8024706,66,17,married,12,0
193559,4570845,47,3,single,3,0
146599,7429005,69,2,married,2,1
135043,2966907,30,6,married,5,0
132287,9673547,47,6,married,4,0
136659,3956822,65,5,single,3,0
232694,5492744,31,4,married,4,1
110973,7655074,22,15,single,7,0
50595,762473,50,0,single,0,0
49974,7037934,53,17,married,7,1
113234,1067814,67,9,married,9,0
79010,7932088,41,20,married,5,1
71860,3915230,40,16,married,11,0
138732,3331559,61,5,single,5,0
123904,6712876,51,17,single,3,0
113670,8459716,79,1,single,1,0
7259,5865272,61,18,single,9,0
180826,2211161,46,6,married,6,1
5954,5663627,29,0,married,0,1
29373,632665,26,13,single,9,0
60788,7037934,53,17,married,7,1
184740,6616521,58,18,married,3,0
243115,6868657,40,9,married,9,1
40357,7662947,46,17,married,3,0
210373,2421029,48,13,single,5,1
217499,2065226,29,7,single,5,1
206822,9464294,42,9,single,5,1
66892,6913078,38,14,married,3,1
79284,5874168,39,12,single,10,1
88582,9290267,54,4,single,4,1
186124,3264559,29,14,married,4,1
243681,68524,56,11,married,3,1
61073,5683509,62,19,single,4,1
156414,8881870,69,5,married,5,0
113196,2177728,29,7,married,7,0
135089,8753042,74,12,married,9,0
7682,7204122,73,14,married,14,0
35773,3959820,78,9,married,9,1
160330,8201240,37,1,single,1,1
117171,5850440,68,20,married,11,0
67830,6608769,74,8,married,3,1
178606,223993,54,7,single,7,1
230101,1034129,42,5,married,5,1
160914,2859501,61,16,married,7,0
85224,7023630,22,10,married,4,0
24160,4868070,51,17,married,6,1
435,7592145,68,20,single,4,0
228088,5826283,73,10,married,10,1
242186,2346974,73,6,married,6,0
136043,532746,78,18,married,10,1
233840,8127660,52,2,single,2,0
89074,9250350,42,9,single,4,1
46126,8913238,72,14,married,5,0
150284,4247262,62,15,married,4,1
24666,3245048,38,8,single,8,0
203516,4658830,45,11,single,8,0
246700,8302102,54,12,married,7,1
44651,358137,21,14,single,3,0
246061,850216,23,1,married,1,1
244921,5302853,31,6,married,6,1
240018,9667980,29,19,married,14,1
62678,2535189,74,6,married,3,0
151970,215207,32,7,married,7,0
190619,1955543,22,6,married,6,0
10838,5898669,32,9,married,6,1
97797,2267190,52,15,single,9,0
174116,5618559,59,9,married,9,0
223346,5291740,45,12,married,7,0
163158,6894008,66,3,married,3,1
131882,5035598,38,18,single,14,0
119635,7429005,69,2,married,2,1
214436,6134910,60,6,married,3,1
89905,6045469,63,7,single,7,1
84807,4492240,69,16,single,8,0
74924,4016515,56,13,married,6,1
76659,7830578,43,15,married,6,0
136265,831067,48,2,married,2,1
202075,4829059,59,17,married,11,0
12088,9678663,46,0,single,0,1
206392,5294978,42,17,single,8,1
137559,3264559,29,14,married,4,1
112480,7723951,35,8,married,7,0
88916,1872336,28,3,single,3,1
214367,9557082,70,0,married,0,1
136655,1545384,35,14,single,14,0
198516,4130211,40,18,married,4,0
62716,2139734,75,8,single,4,0
246794,9437890,54,6,married,6,0
193479,1113251,22,10,married,10,0
179209,7830578,43,15,married,6,0
182855,3762111,61,13,single,6,1
228863,4050464,33,3,single,3,1
186917,2625246,30,19,single,7,0
148553,4324181,21,11,single,11,0
220227,1440124,65,15,married,14,0
115700,9601652,60,4,married,4,0
139669,7071857,24,10,married,3,1
209301,6222541,45,19,single,11,1
201224,2564409,29,13,single,7,0
175706,9627469,48,17,married,6,0
209483,6830726,29,20,married,3,1
134586,7040457,41,20,single,7,0
85681,8451500,69,7,married,7,1
148428,5090745,35,5,married,5,1
174229,7667206,74,17,married,9,0
78626,827855,41,15,single,8,1
141640,831067,48,2,married,2,1
112085,8413167,60,14,single,10,1
113022,5964534,21,2,married,2,0
73595,7822211,37,17,single,7,0
241038,998254,25,17,single,12,1
51868,4298524,38,6,married,4,1
13126,5004535,78,5,single,5,0
213633,3651865,76,0,married,0,0
188619,9029413,72,6,single,6,0
56938,4104566,73,11,married,11,0
125637,6083790,31,5,single,4,0
60467,5823407,68,8,single,8,1
76306,7673823,63,15,married,11,1
84741,9309815,79,5,single,4,0
219540,9265457,55,10,single,10,1
20945,7863110,40,12,single,9,0
125571,9645128,26,2,single,2,1
52790,4039148,54,12,married,6,0
188169,6460510,23,17,married,12,0
239198,3305394,26,9,single,4,0
12702,6683083,69,1,married,1,1
215648,5164517,33,17,married,6,1
9133,817450,32,15,married,4,0
248068,3609467,50,3,married,3,1
181472,4298524,38,6,married,4,1
18106,7979699,47,15,married,10,0
239855,1810078,62,14,married,6,1
215664,5617309,75,16,married,6,1
195432,9083499,77,19,single,13,1
72149,1067890,41,14,single,3,1
209499,5443970,35,4,single,4,1
53309,8574834,43,12,married,12,0
4605,5474047,34,3,single,3,1
138336,1694660,68,19,married,4,0
139379,5278110,45,10,single,8,1
47796,8451500,69,7,married,7,1
98900,1177746,64,11,single,8,0
140433,826681,78,4,married,4,1
81001,9225468,54,14,single,8,0
131998,6351922,57,6,married,5,0
9164,5850440,68,20,married,11,0
222563,8674628,44,10,single,8,1
53531,2180133,62,4,single,4,0
210556,5452246,23,7,single,6,0
80558,7159752,60,18,single,3,1
179698,3430788,63,3,single,3,1
7041,3737014,47,7,single,7,1
23632,4806237,79,10,married,4,1
1303,7716276,50,16,single,13,1
206663,4128579,52,15,married,13,1
59877,121035,71,12,single,11,0
80912,5861916,48,11,single,11,1
82353,2882498,34,0,married,0,0
145451,7200605,34,9,single,9,1
187740,8752516,33,2,married,2,0
69068,7449317,38,4,single,4,0
234070,7255972,61,6,married,5,0
249061,2297711,50,3,married,3,0
224361,7630553,61,5,married,5,0
6836,4128579,52,15,married,13,1
235775,6456966,60,10,married,10,0
175709,2143718,25,0,single,0,1
46660,265958,21,2,married,2,0
74497,8056937,67,10,single,10,0
241567,2558886,30,14,single,6,1
194465,5165629,61,0,single,0,1
115904,6108808,76,16,married,3,0
136345,1661569,32,12,single,5,1
13491,4620331,77,17,married,12,1
147341,8803601,78,4,single,4,0
116698,4298524,38,6,married,4,0
43754,6549582,31,7,single,7,1
166818,9103667,54,3,married,3,1
19815,668849,74,15,single,13,1
182859,7071857,24,10,married,3,1
75683,535157,50,2,married,2,1
223657,5439206,24,8,single,8,1
111870,1696344,31,18,single,13,0
224878,6574608,64,17,single,5,0
220294,2676784,45,1,married,1,1
246195,1241053,22,20,single,7,0
196084,9655703,61,6,married,6,0
109242,4627494,55,14,single,7,1
180890,4620331,77,17,married,12,1
145835,5898669,32,9,married,6,1
228017,6838872,75,3,single,3,1
39162,4727668,62,20,single,7,0
121362,3264559,29,14,married,4,1
242656,9677811,62,15,married,8,0
69004,6565653,53,12,single,11,1
213241,6814296,37,16,single,8,1
149908,4130211,40,18,married,4,0
125860,5180835,22,1,single,1,1
150677,5379845,31,5,married,5,1
71523,3289057,78,14,married,13,0
16451,6272411,69,2,married,2,0
213947,380853,71,16,married,6,0
208045,8284308,51,3,single,3,0
63914,5899176,38,15,single,13,0
26094,817369,23,12,single,11,0
70248,2966907,30,6,married,5,1
80532,7582947,64,20,married,5,0
213913,5273020,29,1,married,1,0
247418,1627349,36,14,married,9,0
227712,9525914,22,10,single,10,0
79236,974413,35,1,single,1,1
224346,4110888,43,1,single,1,1
195979,603307,46,12,married,12,0
140784,7779633,57,10,single,10,0
236175,7534738,52,5,single,5,1
43524,2653315,76,8,married,8,1
12334,5660425,55,3,single,3,0
144539,4936411,69,8,married,3,1
21328,3160585,42,10,single,8,1
208149,8701440,27,15,married,5,0
21361,2158013,21,6,single,6,0
58711,1789952,27,4,married,4,1
106345,817450,32,15,married,4,0
111053,2860021,23,17,single,11,0
137251,7059372,43,4,married,4,1
214037,9287205,68,9,single,8,0
81145,1800877,21,10,married,5,1
219334,4148334,57,4,married,4,1
122541,9486727,70,16,single,3,0
249109,4499105,53,3,single,3,0
15226,1886204,59,0,married,0,0
21839,6445556,24,14,married,10,0
53287,5928263,42,11,married,7,0
128685,3371958,23,15,single,4,0
187201,6466004,66,16,single,11,0
120701,1950787,53,12,married,7,1
229419,1934604,57,7,married,7,1
146604,215207,32,7,married,7,1
11008,6415225,54,13,single,3,0
228841,678959,60,6,single,6,1
121420,2218088,35,9,single,5,1
213109,6108808,76,16,married,3,0
50198,9148752,56,11,single,6,0
91566,5922769,29,7,single,7,1
234803,9944131,56,9,married,9,1
239459,9628382,59,9,married,4,1
60846,5131419,26,2,single,2,1
155451,5712077,21,0,single,0,1
70345,1312362,25,7,married,7,1
75223,7942966,51,6,single,4,0
66752,6683083,69,1,married,1,1
15771,7995055,70,11,single,6,0
234238,5642157,51,20,married,10,1
7288,1950787,53,12,married,7,1
90711,8489881,34,4,married,4,0
182174,235563,48,5,married,5,1
138410,7695399,49,6,single,6,1
33731,1199926,43,11,single,9,0
125092,8623683,29,13,married,5,0
138207,7864739,61,10,single,5,1
195521,5439814,66,12,married,12,0
231357,2817564,73,2,married,2,1
7879,4145551,46,15,married,11,1
247464,9832739,37,10,single,3,1
219571,951721,31,4,single,4,1
101249,1633168,42,14,married,6,0
197384,2018172,73,15,single,3,1
236297,6146164,22,11,married,11,0
31550,2417756,64,18,married,8,0
65943,4659517,76,2,married,2,0
48522,7315839,72,8,married,8,1
108556,1810800,68,1,single,1,0
117361,752748,73,8,married,8,0
23507,6683083,69,1,married,1,1
223540,7264643,43,2,single,2,0
221230,3641342,34,17,single,12,1
25925,4937591,60,2,single,2,1
162528,3159546,75,5,married,3,0
26412,4292910,70,2,married,2,1
244698,2463693,68,11,married,8,1
13794,6608769,74,8,married,3,0
66179,1848729,41,20,married,11,0
83056,9803522,55,14,single,14,1
61514,140981,36,17,single,9,1
166638,8454331,61,3,married,3,0
16639,4149976,35,15,married,10,1
248265,9813432,74,16,married,14,0
84513,3781553,56,16,single,11,1
237467,3236847,29,4,married,4,1
137694,3231341,47,6,married,6,1
107414,9889836,48,10,single,5,0
161642,4830100,37,11,married,11,0
51143,1892122,78,10,single,6,0
234362,3964861,57,17,single,5,0
207869,1514872,76,8,single,8,0
37231,3784689,39,7,married,7,1
84893,9711256,61,7,single,7,0
42180,6987406,27,10,single,8,1
11457,4593497,33,15,married,8,1
179241,1509614,25,0,married,0,1
198779,5278110,45,10,single,8,1
195073,8487221,26,2,married,2,0
34559,8981043,57,8,single,8,1
202366,8801912,33,16,married,9,0
87149,6875625,77,7,married,7,0
151865,1868963,73,16,single,7,0
49742,6616521,58,18,married,3,0
187302,9985964,28,8,married,8,1
52302,9557082,70,0,married,0,1
48520,9420838,48,6,single,6,1
43769,5082664,41,12,single,5,1
140813,5867167,60,14,married,6,0
43940,9809512,61,5,single,5,0
192766,6015769,32,12,single,7,0
67575,5013716,29,17,single,10,1
61477,4305317,75,6,single,6,1
28400,1089480,64,18,single,3,0
84268,9173092,30,19,single,9,1
221416,9640838,59,10,single,10,1
150633,8603183,62,15,married,12,0
88311,1026262,79,12,married,12,0
6817,7037934,53,17,married,7,1
33766,9768901,74,15,married,3,1
96756,5284369,76,13,married,9,0
34022,1932516,57,15,single,11,0
66952,6649334,59,12,married,11,1
154225,1638680,27,11,single,10,0
27997,1509614,25,0,married,0,1
232103,2390108,32,18,married,9,0
157057,5623318,31,13,single,13,0
77910,4039406,64,15,married,5,0
46823,3178951,36,7,married,7,0
155786,245102,36,4,single,4,1
104367,1565345,37,5,single,4,0
209324,4409735,54,2,single,2,1
178955,989292,45,4,single,4,0
25841,8542806,31,12,married,6,1
68616,7171645,31,10,married,5,1
45751,9992133,40,14,married,3,0
157815,1043413,33,16,single,8,0
224623,2613052,37,9,single,3,0
222951,9130505,21,0,single,0,1
33532,2150637,62,18,single,10,0
16140,7238880,29,7,single,7,0
225097,4218784,46,7,single,7,1
20801,6896303,25,7,single,7,1
37139,389819,29,3,married,3,1
188610,5964534,21,2,married,2,0
45295,4902965,32,7,married,7,0
140689,1670303,35,13,married,5,1
248339,4131736,58,10,married,10,0
191411,1467935,28,8,married,8,1
251337,8845185,42,16,married,6,1
180346,8785845,69,8,single,6,1
35725,7932088,41,20,married,5,1
228396,3429989,76,18,married,12,1
208713,1927409,73,15,married,4,0
119460,7648698,68,16,single,13,0
4822,9013759,50,10,single,6,1
52752,7023630,22,10,married,4,0
194473,5522159,22,6,single,6,1
227291,6949510,43,0,married,0,1
212655,2591229,68,11,married,11,0
71906,9655703,61,6,married,6,1
160132,1827312,59,7,married,7,0
73502,7479878,55,8,married,8,0
164863,4104566,73,11,married,11,0
219822,2128421,53,18,married,14,1
250594,9186744,64,16,married,11,0
95955,9884599,74,15,married,4,0
152751,672968,68,18,married,5,0
13669,5850867,30,1,married,1,0
120694,1026262,79,12,married,12,0
210320,1051945,70,7,married,7,1
210626,8739032,55,3,married,3,0
251195,4027965,75,5,married,5,0
38822,5354814,29,20,single,14,0
52618,4069278,28,14,married,13,0
238298,4868049,53,5,single,5,0
126748,5003310,25,1,married,1,0
246913,5294010,40,8,single,3,1
105591,4560641,72,7,single,7,0
137624,490369,23,7,single,6,1
124478,8433425,63,13,married,6,0
143391,6608769,74,8,married,3,1
199670,7567805,43,12,single,12,0
88194,3248934,40,10,single,10,0
245695,2817803,45,19,married,9,1
76251,3283513,25,17,married,4,0
223363,3242582,58,9,married,3,1
43896,5608121,52,7,single,7,1
215347,2322708,25,5,married,5,0
206096,2615615,44,13,married,4,0
217047,7923171,31,17,married,5,1
120286,9777389,29,9,single,9,0
212331,1888040,43,2,married,2,1
214301,4658830,45,11,single,8,1
64148,8714337,53,1,single,1,0
148726,3424035,24,2,single,2,1
2182,8666033,52,1,married,1,0
218117,4091717,76,16,married,7,1
52409,8840108,49,10,married,6,0
50931,2248392,46,20,married,13,0
148465,7642419,39,12,married,12,0
46064,6913338,61,16,single,11,1
34489,6649334,59,12,married,11,1
163130,9809659,30,12,single,11,0
24110,3264559,29,14,married,4,1
170833,265958,21,2,married,2,0
226359,5151250,40,16,married,7,0
249149,3507164,25,11,married,7,1
227391,9595787,66,3,married,3,1
161254,3891771,53,9,single,8,0
41708,1708734,69,11,married,11,0
210267,3972528,38,16,single,6,0
212685,4806237,79,10,married,4,1
243586,6831806,52,0,married,0,1
40937,8683216,21,0,married,0,1
208085,3114473,49,16,married,10,1
217994,4154486,45,6,married,6,1
243476,3486126,66,1,single,1,0
19762,4638141,59,18,married,3,0
137080,4806237,79,10,married,4,1
226200,2249274,23,13,married,5,1
57775,7171645,31,10,married,5,0
247373,6949772,51,6,married,6,1
107952,5195681,53,1,married,1,0
13857,7872203,73,16,single,11,1
93937,9243110,47,3,married,3,0
7628,3478374,74,5,single,5,1
25529,235563,48,5,married,5,1
76457,2579337,41,6,married,6,0
43960,972554,54,13,single,13,1
12562,7581703,40,9,married,9,1
33696,8763343,57,13,single,4,0
237371,9691003,63,4,married,4,0
225190,7877505,34,18,married,13,1
97295,2966871,78,7,married,3,0
123987,2748810,71,2,single,2,1
88340,3921208,43,20,single,11,0
201194,8716053,51,11,married,4,0
160230,3071743,59,16,single,10,0
111188,3720964,26,12,single,11,0
13971,8683216,21,0,married,0,1
52605,5966818,66,6,single,6,1
206071,8057748,46,6,single,4,1
20865,4016515,56,13,married,6,1
160826,6204008,42,5,single,5,0
208023,3854933,59,10,married,5,0
153323,4742685,38,2,single,2,1
103589,7715562,55,6,married,6,0
51156,452661,51,17,married,14,0
158978,5751205,49,10,single,10,0
39971,3478374,74,5,single,5,1
212449,7134942,28,20,single,11,1
239088,7953873,76,9,married,3,0
239239,6969354,25,10,single,7,1
12159,7037934,53,17,married,7,1
15307,4247262,62,15,married,4,1
205566,6785181,32,11,single,11,1
88822,8681228,48,14,married,9,0
139556,5281427,29,7,single,3,0
41247,3390492,54,13,married,10,1
50023,7058931,40,10,single,10,1
63946,7878347,68,6,single,6,0
22754,9516616,51,0,single,0,0
243816,6748752,72,8,single,8,1
238347,6842996,27,9,single,9,0
176066,6302308,35,19,married,12,0
178502,6190329,21,13,single,13,0
11483,1442794,35,20,married,10,1
81475,706809,71,3,single,3,1
120357,630763,36,17,married,13,1
71369,1818095,30,1,married,1,1
82032,7334048,58,9,single,8,0
222708,9668896,67,10,single,6,1
243345,6688154,44,1,single,1,1
172765,1885923,46,16,single,8,1
15122,8542806,31,12,married,6,1
57281,4298524,38,6,married,4,0
134176,6460510,23,17,married,12,0
159101,6944312,44,13,single,7,0
94652,519314,35,19,married,5,0
249337,1555523,53,4,married,4,1
63793,6259059,70,8,married,8,1
48794,2442178,34,15,married,10,1
2888,8830734,55,8,single,8,1
157342,1411158,42,11,single,6,0
83581,3264559,29,14,married,4,1
228833,5764762,74,9,married,4,0
27615,1832053,63,14,married,7,0
36435,5351331,78,1,married,1,1
80744,4095889,71,6,single,6,0
179834,5294937,53,8,married,8,1
224423,5100740,61,2,single,2,0
148899,3580985,53,13,married,13,1
21048,5379845,31,5,married,5,1
54181,6715263,29,0,single,0,1
146235,4149976,35,15,married,10,1
116902,3390492,54,13,married,10,0
231414,7568202,23,5,single,5,1
189639,6389669,33,13,married,11,0
174698,1891120,59,10,single,10,0
91490,8437491,22,2,single,2,1
161048,3921757,77,11,single,3,0
208985,5850440,68,20,married,11,0
162559,1099947,48,0,single,0,0
92879,5867312,43,1,single,1,1
158916,2421932,31,9,married,9,0
211961,6641682,42,0,single,0,1
45882,66912,27,10,married,10,0
139796,1553697,39,19,married,13,0
33426,1509614,25,0,married,0,1
230441,5665341,78,5,married,5,0
236715,5644901,43,8,single,6,1
235670,8546863,25,16,married,12,1
230551,9869638,44,4,single,4,1
239672,5875250,35,3,married,3,0
4749,2391997,69,19,single,6,1
68242,3616979,40,17,single,9,0
138355,985060,71,10,single,8,0
64475,6062192,21,9,married,7,0
169573,7059372,43,4,married,4,0
74579,1969961,51,9,married,9,0
250201,603277,37,8,married,8,1
28973,6131551,21,10,married,9,0
56675,5626095,71,14,married,5,0
147728,6683083,69,1,married,1,1
101618,1526409,79,13,married,11,0
53710,2460413,61,15,single,6,1
84459,3959820,78,9,married,9,1
128967,1364478,33,2,single,2,1
242993,4768378,25,17,single,10,1
224193,2169848,59,16,single,10,1
231078,1967756,62,14,single,14,0
237993,9251194,29,11,married,3,0
124288,535157,50,2,married,2,1
177264,3145889,47,17,married,4,0
49612,1500447,75,13,married,13,1
48313,9130139,40,11,married,5,0
216841,8524541,22,4,single,4,1
77146,3430788,63,3,single,3,1
208727,9055988,27,6,single,3,1
126531,9749077,75,3,married,3,0
208975,8475172,57,12,married,3,0
11865,4461235,70,10,married,10,0
180520,9974540,54,6,single,6,0
111159,8158874,39,10,married,5,0
175306,9409023,43,5,single,4,0
70584,5808564,65,16,married,14,0
241333,9937836,55,15,single,11,0
208757,9849899,39,8,single,5,1
27897,7715562,55,6,married,6,0
208775,9731079,70,1,married,1,0
34028,2946626,77,17,single,12,0
22504,4508919,59,6,single,6,0
9845,3181072,57,12,single,10,1
234168,4866167,58,0,married,0,1
124686,6834599,69,12,married,12,0
223687,6408066,46,6,married,6,1
80806,6060465,49,11,married,10,0
47825,7071857,24,10,married,3,1
10760,5694236,39,2,married,2,0
152424,831067,48,2,married,2,1
209331,6191553,68,15,single,13,1
211868,6894008,66,3,married,3,1
107225,3114997,48,20,single,5,0
206974,3577693,46,4,married,4,0
56286,3713726,56,16,single,7,0
108718,7002478,38,20,married,5,0
208215,3214610,65,19,married,4,0
86266,9633948,78,5,single,5,1
31697,8574834,43,12,married,12,0
45403,7018599,53,0,single,0,1
22839,1857595,26,19,single,12,1
235593,7812342,69,12,married,11,1
218358,8099109,32,13,married,13,1
145748,3954973,58,14,married,8,0
11798,902071,63,4,single,4,1
242390,7212965,74,4,married,4,1
77246,9840980,67,20,married,10,0
12827,4806237,79,10,married,4,1
24959,3959820,78,9,married,9,1
153844,4631897,73,4,married,4,0
184081,6298839,34,19,married,5,0
155253,2822666,31,0,single,0,1
243514,4800192,48,15,married,4,0
2294,5509700,37,0,single,0,1
97759,8600643,48,17,single,6,0
112569,6468679,60,3,single,3,0
75752,1312362,25,7,married,7,1
53719,1086347,26,10,single,10,0
143992,4641763,48,8,single,8,0
92529,2979441,44,7,married,7,0
582,4272756,29,6,single,6,0
30791,9021260,30,17,single,12,0
117947,4076147,25,16,married,6,1
229797,4570301,34,10,single,7,1
225066,1316994,50,4,single,3,1
157614,1509614,25,0,married,0,1
98595,7037934,53,17,married,7,0
249638,1967537,22,11,single,5,0
64440,1165459,25,6,single,3,0
182450,6830726,29,20,married,3,1
215903,1441816,30,5,single,5,0
82572,380430,23,1,married,1,0
33816,685679,35,10,single,10,0
78975,2090531,71,7,married,3,0
11782,2167931,58,13,married,9,1
26277,3941355,71,14,married,12,1
150572,389819,29,3,married,3,1
224691,5638157,70,2,married,2,1
143375,7861265,23,18,married,13,0
205665,1964155,51,13,single,7,0
208022,8293745,60,12,married,12,1
36224,3218946,25,0,single,0,1
109310,6380792,51,12,single,12,1
96,7021605,31,14,single,8,0
22241,7673823,63,15,married,11,1
11995,6894008,66,3,married,3,1
195562,2545624,55,19,single,12,0
144369,235563,48,5,married,5,1
81162,233888,64,1,single,1,1
16886,1117930,79,15,single,9,1
177637,3337437,67,5,single,5,1
65335,7993188,66,6,single,6,0
14124,5305177,23,17,single,9,1
64286,3784689,39,7,married,7,1
14760,1543486,44,7,single,5,1
216972,8027200,41,6,married,3,1
184137,893955,28,8,married,3,0
37253,1303701,34,20,single,3,1
58520,4076147,25,16,married,6,1
144144,2518343,53,19,married,13,1
147606,9139229,43,9,married,9,0
34359,5899823,46,8,married,8,0
165669,5161711,52,0,married,0,0
209840,245102,36,4,single,4,1
14032,7053325,31,8,single,8,0
220089,5739372,74,4,married,4,1
191813,8293745,60,12,married,12,0
13408,6544503,65,13,single,4,0
53307,9913743,23,9,married,9,0
11485,6875625,77,7,married,7,1
210266,3049346,26,5,married,3,1
30761,9299586,43,5,single,3,0
43739,1040029,46,5,single,5,0
217532,1580774,57,10,married,10,1
243123,9336181,48,7,single,3,0
222587,5311050,52,5,single,5,1
75694,4759451,60,4,married,4,0
181476,7212880,21,17,single,13,1
245483,7169863,35,10,married,10,1
142291,2304127,29,5,married,5,0
42806,3049346,26,5,married,3,1
14639,7810957,48,5,single,5,0
36111,5850440,68,20,married,11,0
175707,8701440,27,15,married,5,0
205050,1067814,67,9,married,9,0
8764,7769983,61,19,single,8,1
36718,2805855,42,7,single,7,0
177376,2637175,25,6,married,6,0
155699,4076147,25,16,married,6,0
46051,5850867,30,1,married,1,1
85951,7582947,64,20,married,5,1
17178,6994513,76,18,single,6,0
251307,4939073,32,7,married,5,1
227027,6396398,61,20,single,11,1
162835,3546473,39,5,single,3,0
48040,5379845,31,5,married,5,1
143190,8293745,60,12,married,12,1
231067,5911197,24,7,single,7,0
13571,2740967,63,5,single,5,1
124059,9597503,47,13,single,7,1
111074,5856930,36,19,married,11,0
183834,8433425,63,13,married,6,0
217220,4528867,40,4,married,4,1
221360,4905355,52,13,married,4,1
212593,1950853,54,6,single,6,1
81068,2966907,30,6,married,5,1
49428,9339198,67,14,married,11,0
162866,8448595,32,13,single,3,0
67156,6547688,27,5,single,4,1
119124,1670303,35,13,married,5,1
92122,8262466,46,4,single,4,0
199481,9704512,78,15,single,11,1
241270,4872424,69,17,married,13,1
229745,324256,37,2,single,2,1
179138,7715562,55,6,married,6,1
16228,9440590,68,11,single,10,0
17982,7581703,40,9,married,9,1
12835,6913078,38,14,married,3,1
64878,245844,67,4,married,3,0
136548,554517,21,7,single,5,1
146478,4593497,33,15,married,8,1
232345,4655395,63,18,married,10,0
37879,1312362,25,7,married,7,1
62120,4750625,21,8,single,4,0
14576,6591039,72,15,single,3,0
101532,2724690,56,1,single,1,0
17118,6064204,62,14,married,10,1
21919,4131397,33,17,single,13,0
113971,5663627,29,0,married,0,1
209267,8503714,38,2,married,2,0
144220,3367858,41,5,single,5,0
209070,9760650,79,16,married,4,0
70934,3890846,58,16,married,4,1
193226,2276484,31,19,married,7,0
29920,7861265,23,18,married,13,0
2346,265272,75,20,single,6,1
237759,943349,36,16,married,11,1
91479,2561886,41,6,single,5,1
41253,1927409,73,15,married,4,0
175559,1330107,61,13,single,11,1
18364,4445518,34,16,married,8,0
7385,2297128,30,6,single,6,1
129659,8773158,58,18,single,5,0
75590,7315839,72,8,married,8,1
90199,8201240,37,1,single,1,1
251166,5577606,22,17,single,8,1
39686,6683083,69,1,married,1,1
90661,5550769,59,5,married,5,0
222005,2444995,25,9,married,3,0
18971,3854933,59,10,married,5,0
79950,8542806,31,12,married,6,1
81513,414060,64,16,single,14,1
5086,9867208,21,3,single,3,0
45556,1467935,28,8,married,8,1
148541,2687545,60,3,single,3,0
83911,3114473,49,16,married,10,1
61868,4145551,46,15,married,11,1
38429,4593497,33,15,married,8,1
92342,5663627,29,0,married,0,1
138075,8899644,39,12,married,6,0
22277,6875625,77,7,married,7,1
44035,156398,69,10,single,7,0
20958,9475063,39,9,single,4,0
134203,5723028,56,4,married,4,0
223066,381275,48,0,married,0,1
184871,6420146,57,19,single,9,0
213445,2549997,51,15,married,13,1
72331,6649334,59,12,married,11,1
145396,5164517,33,17,married,6,1
15936,9663578,71,16,single,11,1
70854,8744579,34,3,married,3,0
110307,9749077,75,3,married,3,0
174842,600473,24,11,single,6,1
197886,9128273,76,7,single,4,0
208763,3602416,48,3,single,3,1
229660,7086245,45,12,married,8,1
34005,98356,50,4,single,4,1
167289,3991815,66,4,married,4,0
233881,8252290,25,13,single,13,1
169977,4351817,31,3,married,3,0
227532,5431505,28,17,married,13,1
243519,3052201,29,8,single,3,0
84332,4298524,38,6,married,4,1
60807,4128579,52,15,married,13,1
48087,3558638,63,4,single,4,0
26440,5112098,77,11,single,11,1
189677,9855166,72,5,married,5,0
62583,8683216,21,0,married,0,1
13665,5346934,51,19,single,8,0
167411,7154493,28,4,single,4,1
180787,4868070,51,17,married,6,1
244874,7225730,72,5,single,5,1
390,8693161,53,5,married,3,0
140074,2561886,41,6,single,5,1
2729,2309585,31,7,married,7,0
94892,4816881,59,19,single,11,0
91111,7731278,33,12,married,11,0
141492,7253442,24,17,single,8,1
147851,4806237,79,10,married,4,1
179900,1932556,56,15,single,4,1
186713,5157518,23,6,single,6,0
140721,3589662,42,18,single,13,0
73057,3632441,66,2,single,2,1
155408,7968958,36,15,single,3,0
224406,7540382,61,3,single,3,0
212555,6683083,69,1,married,1,1
147304,5604484,51,14,single,4,1
152958,700444,24,0,single,0,1
240862,5263574,63,19,single,5,1
251375,319091,58,15,married,6,0
178237,826681,78,4,married,4,1
2556,5003310,25,1,married,1,0
66111,7146402,23,20,single,4,1
45009,1661836,56,13,single,13,0
145856,1240330,29,18,married,12,0
63585,7202212,75,19,single,8,0
224620,2242866,59,6,married,6,1
249925,8592132,58,19,married,7,0
27492,5663627,29,0,married,0,1
216237,8103043,49,16,single,9,0
74957,1789952,27,4,married,4,1
192188,8683216,21,0,married,0,1
105459,2072765,34,4,married,4,0
232012,8503875,53,20,single,13,0
185624,8053436,42,8,single,8,0
166969,8897752,24,3,single,3,0
236968,216875,28,9,married,9,1
239768,3003966,49,9,married,7,0
37265,9931632,51,4,married,4,0
129604,7315839,72,8,married,8,0
237276,3351348,21,18,married,14,1
154094,9627469,48,17,married,6,0
105207,8700927,41,0,married,0,0
105140,3106207,66,6,single,4,0
66481,3790999,76,6,single,6,0
146106,7660598,72,11,single,11,1
30665,5734501,38,14,single,8,0
103101,220528,72,18,married,4,0
113166,5254986,48,6,single,6,1
60036,4477660,30,0,married,0,1
54343,7914034,23,2,single,2,1
42766,5164517,33,17,married,6,1
225112,5269149,63,5,single,5,0
215635,7552857,35,15,single,7,0
153404,4829059,59,17,married,11,0
50667,4305317,75,6,single,6,1
158769,782667,79,11,single,11,0
169160,5638906,46,3,married,3,0
213911,3023559,65,16,married,8,1
229659,29519,62,15,married,12,1
235573,7952236,56,0,married,0,1
173047,5294136,72,15,single,7,1
147777,510912,32,5,single,5,0
142271,1950787,53,12,married,7,1
237920,5602349,42,13,married,9,1
80496,4292910,70,2,married,2,1
65879,9270608,79,14,single,4,1
227787,581729,73,6,married,6,1
123122,2900446,45,20,single,6,0
206685,7667206,74,17,married,9,1
232692,6137323,65,16,married,12,0
227203,8408002,66,20,single,12,1
124115,6597452,39,11,single,10,1
88218,9002497,25,11,single,11,0
223284,6613721,53,13,single,4,0
661,4206929,73,8,single,8,1
31750,1091635,74,11,single,3,0
167913,893955,28,8,married,3,0
225017,2729617,23,18,single,8,0
210092,3784689,39,7,married,7,1
35731,1662818,64,18,single,9,1
90726,5647261,64,10,single,10,1
21980,4432283,61,5,single,5,1
207927,4620331,77,17,married,12,1
167789,3638802,76,5,married,5,0
76812,5763958,63,7,married,7,0
124251,8788135,77,7,married,7,0
3093,6598797,60,18,married,4,0
92993,5023725,67,9,married,9,0
63890,3145889,47,17,married,4,1
92226,6453233,68,13,single,13,0
60818,7363274,70,9,married,5,0
6424,532746,78,18,married,10,1
90043,6569934,72,9,single,3,1
92179,7667495,24,3,married,3,0
191354,3009196,65,9,single,9,0
120274,8702383,76,20,single,3,1
75304,3075503,32,17,single,3,1
50547,8925422,72,14,single,6,0
64194,389819,29,3,married,3,1
224727,2507902,30,6,married,6,1
221649,8465790,66,12,married,10,1
75928,3419204,79,18,single,3,0
94390,7228553,42,1,single,1,0
169538,8323780,62,8,single,5,0
85040,1739039,33,19,single,10,1
132148,8393068,61,15,married,6,0
181944,3495631,56,18,single,3,0
60063,3470076,44,15,single,11,1
177508,7675013,24,17,single,14,0
207943,66912,27,10,married,10,0
229681,2329462,27,8,single,6,1
234055,1207688,59,17,married,13,1
71540,6814840,53,13,married,3,0
39798,718057,59,19,single,4,1
214989,192829,66,11,single,11,0
49821,831067,48,2,married,2,1
141096,1442794,35,20,married,10,1
251815,5311228,33,10,single,10,1
102595,1065465,23,15,married,4,0
206074,2579337,41,6,married,6,0
243972,161604,79,0,married,0,1
179370,2915711,53,7,married,7,0
36204,8822191,26,13,single,3,1
205601,2653315,76,8,married,8,1
14089,74741,59,14,single,6,0
135649,6389669,33,13,married,11,0
142598,8981043,57,8,single,8,1
102852,2062343,40,15,married,14,0
155100,499939,25,17,married,9,0
66963,9243110,47,3,married,3,0
196177,5625315,69,16,single,14,1
178431,2442178,34,15,married,10,1
135121,1800877,21,10,married,5,0
208537,2541624,32,15,single,3,1
60300,8306987,66,0,single,0,0
101540,8948812,52,11,single,10,0
54519,5707558,57,9,single,9,0
66634,2907457,55,18,single,10,0
205277,2966907,30,6,married,5,1
74337,6191553,68,15,single,13,1
235318,4314986,52,16,married,6,0
313,6787542,22,0,single,0,1
148248,1591909,71,17,married,4,0
131325,52436,37,19,married,10,1
8282,5850867,30,1,married,1,1
91838,5898669,32,9,married,6,0
235218,8976761,49,8,married,8,1
242462,4405822,75,13,married,8,1
79522,9514006,75,9,married,9,0
180793,6123115,27,16,single,10,1
182157,9482759,67,19,single,12,1
142994,2218088,35,9,single,5,1
122059,3983496,76,1,single,1,0
150696,90950,69,8,married,8,0
11918,1818095,30,1,married,1,1
143798,3959820,78,9,married,9,1
47889,3941355,71,14,married,12,1
37360,5164517,33,17,married,6,1
157098,5663627,29,0,married,0,1
26435,5379845,31,5,married,5,1
247074,1437590,26,9,married,9,1
204333,3212655,67,19,single,7,0
123777,3132419,39,9,single,8,0
80327,4016515,56,13,married,6,1
97280,4432483,69,6,single,6,0
42249,4247262,62,15,married,4,1
69681,5572727,74,2,single,2,1
47012,9711256,61,7,single,7,0
51282,3959539,38,0,single,0,0
150056,5550769,59,5,married,5,1
231844,4957095,79,9,married,9,1
225332,9759715,43,11,single,11,1
233876,3164904,72,20,single,6,0
38191,4149976,35,15,married,10,1
220439,518397,65,2,married,2,1
62054,1171428,45,11,single,5,1
66680,208537,33,6,married,6,0
52022,4850136,35,17,single,7,0
125933,7073640,79,6,single,6,0
33898,7600998,66,8,single,8,1
70914,1442794,35,20,married,10,1
180877,7060043,79,17,single,13,1
85378,5610392,31,6,married,6,0
82352,5570090,74,1,single,1,0
111667,668849,74,15,single,13,1
49936,2087379,33,17,married,4,0
137257,4829059,59,17,married,11,0
114701,3658284,57,0,single,0,0
181115,4104566,73,11,married,11,0
171708,8492379,28,16,single,14,1
63182,5850440,68,20,married,11,0
73698,1920309,60,14,single,4,0
216892,2003316,54,0,married,0,0
133091,3301023,33,16,married,4,0
229433,9577276,69,13,single,5,1
139914,7159752,60,18,single,3,1
21613,137594,52,10,single,7,0
155999,5559665,56,8,single,3,0
175718,2162632,76,7,single,7,1
200665,4273331,67,17,single,6,0
25186,9620139,48,15,married,14,0
182828,8451500,69,7,married,7,1
214926,5443970,35,4,single,4,1
209020,7171645,31,10,married,5,1
89069,3115639,35,14,single,14,1
176657,4038904,25,6,single,6,1
211878,2369392,59,17,single,13,0
108771,8976828,58,10,single,10,1
72657,5647627,46,2,single,2,0
131574,518532,61,1,married,1,0
93943,4691275,56,6,married,6,0
208360,2984988,70,7,single,7,0
251544,2908264,68,20,single,5,1
34074,8653449,66,0,single,0,1
220320,6416748,28,18,single,9,0
237714,3307442,68,10,single,10,0
28050,181844,33,6,married,6,0
52831,6830726,29,20,married,3,1
159736,8683216,21,0,married,0,1
5132,3837133,32,3,single,3,1
45032,1950787,53,12,married,7,1
141625,6894008,66,3,married,3,1
139452,5957090,48,18,married,3,0
24932,7961910,45,19,married,14,1
6791,6701205,71,13,married,5,0
40127,6934016,52,12,single,3,0
28692,825461,63,8,single,8,0
204221,2818110,41,20,married,12,0
27820,7198404,29,19,single,6,1
136442,2946448,63,0,single,0,1
59451,535157,50,2,married,2,1
237398,1561669,27,15,married,3,0
131623,9726816,73,0,single,0,0
175789,5697624,74,2,single,2,0
16873,9855166,72,5,married,5,0
51275,9071461,63,18,married,8,0
184702,8092590,42,4,single,4,0
237397,5322100,72,17,single,14,1
62972,3873393,21,7,single,7,1
233972,8533904,32,14,married,7,0
216630,2163964,52,10,married,7,0
187402,6438478,64,6,single,6,0
29027,9842635,60,7,married,7,0
64708,1837938,37,15,single,10,1
47690,313244,59,10,single,10,1
181499,415305,65,4,single,4,0
167324,9625415,77,15,married,9,0
145258,3784689,39,7,married,7,1
229012,4233399,25,14,single,5,1
120276,4732134,67,19,married,6,0
181026,9122548,58,12,single,9,1
24906,6973577,43,15,married,5,0
27006,9334042,52,10,single,5,0
249477,3042599,52,5,married,5,1
180512,4862321,65,16,married,9,1
73708,3390492,54,13,married,10,1
145414,5617309,75,16,married,6,1
244915,6327034,56,19,married,6,1
221040,288761,50,17,married,7,1
8039,4813006,52,16,single,4,0
124873,4477660,30,0,married,0,1
140231,9597503,47,13,single,7,1
142679,9601652,60,4,married,4,0
114719,7146402,23,20,single,4,1
157363,1161425,45,14,single,13,0
83717,3231341,47,6,married,6,1
141114,2979441,44,7,married,7,1
83675,4351817,31,3,married,3,1
142868,4145551,46,15,married,11,1
60868,1678997,47,20,single,12,1
148267,4145551,46,15,married,11,1
151934,5010356,74,8,single,8,0
235252,4915680,74,16,single,9,0
219950,556250,51,20,married,10,1
217347,9819246,47,11,married,9,1
75123,7582947,64,20,married,5,1
15465,1956633,23,13,single,13,1
117759,6235492,68,6,single,6,0
38915,2807530,21,6,single,6,0
195093,7529689,76,9,single,4,1
60621,6894008,66,3,married,3,1
244647,8420754,56,0,single,0,0
78348,4620331,77,17,married,12,1
146417,7145203,44,6,single,3,0
183346,8639811,68,18,single,7,0
28699,3640092,65,2,single,2,0
179554,2087379,33,17,married,4,0
192388,9604465,45,12,married,6,0
44095,6064204,62,14,married,10,1
89724,5510769,41,19,single,8,1
126245,2361934,78,0,married,0,1
209612,2859501,61,16,married,7,1
202656,3854933,59,10,married,5,0
182971,389819,29,3,married,3,1
91538,5254986,48,6,single,6,1
176436,9620139,48,15,married,14,0
239011,7601780,75,8,married,8,1
232275,4266409,55,19,married,5,0
106184,4346432,32,17,single,11,0
228556,5110402,56,16,single,14,0
141317,6064204,62,14,married,10,1
203497,6101291,45,0,single,0,0
44682,630763,36,17,married,13,1
149207,3959820,78,9,married,9,1
234333,403563,58,16,married,11,1
199612,1692032,78,14,single,12,0
4506,3909671,25,9,single,5,0
37186,8310425,59,6,married,6,0
54240,6445556,24,14,married,10,0
78194,1085710,72,12,single,9,1
6108,1442794,35,20,married,10,1
185798,8351225,48,5,single,5,0
10001,3643652,56,2,single,2,1
37274,7827983,59,18,single,12,1
186781,6866088,68,19,married,10,0
195897,3806203,45,10,married,10,0
224399,2219127,36,13,single,6,0
232357,9740899,51,5,married,3,1
231438,7034516,32,16,married,5,0
106069,9310823,78,4,married,3,0
229939,4500543,57,6,married,6,1
99908,996901,68,9,married,6,0
221004,4228148,29,9,married,6,1
237155,1932159,63,7,married,7,1
242741,5115044,59,19,single,11,0
250105,8290834,42,3,married,3,1
53342,5675460,48,6,married,6,0
107310,2322708,25,5,married,5,0
177226,8251849,66,16,married,14,0
227833,8862111,74,8,married,8,1
24540,7784617,53,7,married,6,0
36890,4076147,25,16,married,6,1
209026,5997509,42,1,single,1,1
34246,1950787,53,12,married,7,1
33591,1742621,75,17,married,3,1
22244,9855166,72,5,married,5,0
232026,4160118,68,8,married,8,1
52891,2915841,52,7,single,3,0
231681,7796217,68,20,single,9,0
169884,3264559,29,14,married,4,1
195547,5090840,78,12,single,5,0
243487,6884683,22,2,married,2,1
38911,1818095,30,1,married,1,1
205684,4149976,35,15,married,10,0
219813,9825269,51,9,married,9,1
40459,4620331,77,17,married,12,1
216022,3303968,54,19,married,3,1
158870,4862321,65,16,married,9,0
42093,8796254,48,17,single,10,0
44124,9374682,54,1,married,1,0
121137,4819023,50,18,married,12,1
136889,9544863,61,20,single,14,0
198197,5863246,38,9,single,7,1
46598,2935149,66,2,single,2,1
91909,8451099,70,4,single,4,1
97842,3306281,33,16,single,8,0
67512,7060043,79,17,single,13,1
6625,8344425,79,17,single,3,0
150324,4076147,25,16,married,6,1
179303,4659517,76,2,married,2,0
235204,9697125,54,18,single,4,1
74495,7515439,74,6,single,6,1
232317,2886868,60,15,married,12,0
18044,208537,33,6,married,6,1
125321,1659351,37,12,married,12,0
23482,3766437,24,11,married,10,0
205291,826681,78,4,married,4,1
116746,2503612,25,18,single,6,1
198095,2071504,31,5,single,5,0
180098,1705824,27,15,single,13,0
110545,5279919,38,19,single,3,1
180312,6649334,59,12,married,11,1
84734,6735205,26,17,married,5,0
231446,7102378,53,16,single,3,1
45159,2361934,78,0,married,0,1
169222,1950787,53,12,married,7,0
67496,4631897,73,4,married,4,0
158292,3577693,46,4,married,4,0
216257,7042437,71,11,single,11,1
166719,389819,29,3,married,3,1
140884,2902285,77,19,single,11,1
248786,3722623,64,15,married,8,1
183292,8758130,34,20,married,9,1
169377,2591229,68,11,married,11,0
37878,6694786,69,17,single,11,1
179419,6894008,66,3,married,3,1
83610,8700927,41,0,married,0,1
246612,2730284,23,0,married,0,0
229006,28519,29,11,married,5,1
216443,5343501,45,6,single,6,1
91914,233888,64,1,single,1,1
54518,5663627,29,0,married,0,1
57158,2854714,46,20,single,7,0
201835,3125755,75,8,married,8,0
28001,7656726,79,9,single,6,0
231788,5640007,27,4,single,4,0
243491,538159,46,15,married,11,0
236197,7063806,79,7,married,6,1
210917,1108464,57,20,single,7,1
56278,1811742,54,17,single,3,0
11737,1577761,22,16,married,7,0
123313,3803419,61,16,married,11,0
181492,6859181,37,6,married,3,0
32909,5663627,29,0,married,0,1
23656,3104798,27,18,single,12,0
164112,7747297,34,2,single,2,0
229418,1142355,53,5,single,5,1
241016,4584869,77,6,married,5,1
45633,4145551,46,15,married,11,1
208343,729340,57,13,single,13,0
26933,9625415,77,15,married,9,0
13286,229131,76,10,single,10,1
222334,332890,54,3,married,3,0
222813,2026799,43,17,married,10,1
154459,4298524,38,6,married,4,0
235093,8919069,67,8,married,3,1
111273,1116752,26,10,single,3,0
117462,8413167,60,14,single,10,0
174303,3533484,47,6,single,6,1
90852,9655646,27,12,single,5,1
238569,1391495,27,14,single,9,1
37809,535157,50,2,married,2,1
227401,1748002,24,14,married,14,0
8407,6608769,74,8,married,3,1
179497,9639313,38,4,single,4,1
93128,5769906,48,5,married,4,0
89734,6859181,37,6,married,3,0
98218,532746,78,18,married,10,0
120070,6894008,66,3,married,3,1
16283,4428363,46,11,single,11,1
129236,9705356,34,9,married,8,0
204880,4195302,22,9,single,3,0
172905,6862187,22,7,single,7,1
162956,2357771,59,1,single,1,1
168780,4732134,67,19,married,6,0
8440,1298318,30,1,single,1,1
74609,6259059,70,8,married,8,1
188005,6259059,70,8,married,8,0
177614,9998070,58,13,single,13,0
241911,3943399,54,18,single,11,0
19123,5465069,59,15,single,3,0
61505,4343535,26,15,married,11,0
170525,8683216,21,0,married,0,1
182723,4076147,25,16,married,6,1
249893,8969408,48,18,married,5,0
15541,3941355,71,14,married,12,1
222861,1291415,22,14,single,3,1
246293,6227399,51,18,married,11,1
122165,1410169,29,17,single,5,0
237739,6281281,38,15,single,7,1
51886,1839079,43,11,married,10,1
82225,3835379,71,8,married,8,0
143663,3023559,65,16,married,8,1
53228,7071857,24,10,married,3,1
178476,1670303,35,13,married,5,1
249614,2698895,38,5,married,4,0
224133,1331264,54,19,single,4,0
143311,8701440,27,15,married,5,0
170349,3651865,76,0,married,0,0
75733,1800877,21,10,married,5,0
21205,3049346,26,5,married,3,1
129864,461499,68,2,married,2,0
156016,4292910,70,2,married,2,1
170860,8022038,33,9,single,9,0
42938,2261031,41,16,single,7,0
216466,283855,52,15,single,8,0
147976,4745314,61,18,married,4,0
97417,5046084,62,7,married,6,0
65840,532746,78,18,married,10,1
16877,4593497,33,15,married,8,1
249872,2836878,45,15,single,8,0
20808,8451500,69,7,married,7,0
41750,235563,48,5,married,5,1
79340,4390992,66,9,single,9,1
209881,3762111,61,13,single,6,1
179631,7667206,74,17,married,9,1
95981,7023630,22,10,married,4,0
232961,6935072,37,9,single,9,1
93055,831067,48,2,married,2,1
197515,1599131,68,4,married,4,0
247891,2245408,41,2,married,2,1
58400,1886204,59,0,married,0,0
210175,7995055,70,11,single,6,0
33159,7429005,69,2,married,2,1
159058,5003310,25,1,married,1,0
94249,2974289,22,3,single,3,1
57978,7366947,50,10,married,10,0
243839,5042060,57,0,single,0,1
20685,5121883,32,7,married,5,0
219881,2552262,66,6,single,6,1
175291,5003310,25,1,married,1,0
215169,76353,45,6,single,6,1
190379,5875578,54,4,single,4,0
175383,2218088,35,9,single,5,1
234621,8992772,70,13,married,7,1
218629,4966060,49,8,married,8,1
56294,7204122,73,14,married,14,0
155838,4137042,23,17,single,8,0
6785,9299383,56,15,single,8,1
107473,4292910,70,2,married,2,0
89001,9872943,78,16,single,14,1
107522,6335707,26,0,married,0,0
79025,9604465,45,12,married,6,0
68472,96682,52,16,married,11,0
188282,7071857,24,10,married,3,1
120903,4305317,75,6,single,6,1
226262,8935440,29,13,married,5,1
28958,7303669,53,17,married,9,0
88578,4691275,56,6,married,6,0
171501,8458276,55,17,single,6,0
60584,8749318,21,15,married,4,0
75346,9768584,52,14,married,11,1
153738,8700927,41,0,married,0,1
42414,9109625,55,5,single,5,1
244640,4612459,64,18,married,4,1
233238,1906452,44,5,married,3,1
135554,129457,74,2,single,2,0
86891,133954,27,15,single,11,0
212436,5638906,46,3,married,3,0
6935,630763,36,17,married,13,1
139864,3784689,39,7,married,7,1
242278,9143341,72,11,married,6,1
245934,6497752,24,6,married,6,1
237797,8308968,72,8,single,8,1
227568,9678022,60,8,married,8,0
210961,103611,41,16,married,10,0
197316,7046794,23,7,married,6,0
80848,7275614,27,2,single,2,0
71337,420777,41,1,single,1,1
237579,5013155,79,5,married,5,1
185398,7134942,28,20,single,11,1
40129,5943068,47,6,single,6,0
226807,6934314,47,18,married,4,1
213364,1435004,50,2,single,2,1
145604,9633948,78,5,single,5,1
140724,4510338,53,17,single,5,1
186389,3854933,59,10,married,5,0
175771,3214610,65,19,married,4,0
225221,8289141,57,12,married,10,1
5662,7352225,78,14,married,6,0
111206,8683216,21,0,married,0,0
123878,7200605,34,9,single,9,1
61108,1028915,44,13,single,6,0
40659,5384499,44,2,married,2,0
211484,4784462,60,19,married,9,0
8066,4631897,73,4,married,4,0
235287,6149048,27,11,married,10,1
6924,673616,30,20,married,7,0
217449,3228982,79,10,single,4,0
212299,5846474,49,9,married,6,0
14280,9128273,76,7,single,4,0
140634,7110369,35,7,single,3,0
45845,5975878,56,17,married,6,0
12412,5294937,53,8,married,8,1
248193,2506596,30,13,married,8,1
186724,7377482,31,5,single,5,0
100945,1737580,39,0,married,0,0
61741,6530407,54,2,single,2,0
118845,8773158,58,18,single,5,1
65243,4149976,35,15,married,10,1
99443,9991569,45,1,married,1,0
217750,5579035,30,4,married,4,1
15813,1524812,22,8,married,4,0
208948,9557082,70,0,married,0,1
213350,7537859,61,8,single,8,0
173597,4556669,50,2,single,2,0
59325,9340860,46,11,married,11,0
143488,3580985,53,13,married,13,1
224462,4593720,62,9,single,9,0
53688,9768584,52,14,married,11,1
74420,9829613,47,17,single,12,0
184482,4136252,79,12,married,12,0
158179,9148752,56,11,single,6,0
192615,8256546,65,19,single,11,0
21078,7827983,59,18,single,12,1
96773,64404,45,18,married,3,0
244333,1516082,42,7,married,6,1
53101,4825118,52,1,single,1,1
218434,8725615,27,16,single,12,1
148622,2549997,51,15,married,13,1
223128,5427114,77,16,single,12,0
12492,8978055,60,9,single,9,0
47488,5647261,64,10,single,10,1
103853,2790693,36,18,single,10,0
36146,7171645,31,10,married,5,1
71007,215207,32,7,married,7,1
235402,7321077,64,14,married,8,1
195763,5875578,54,4,single,4,0
224189,3838861,75,20,single,6,0
213262,2211161,46,6,married,6,1
181236,6598797,60,18,married,4,0
128282,6451557,40,7,single,7,0
145165,389819,29,3,married,3,1
87225,6794531,68,20,single,14,1
97123,1191020,31,15,married,5,0
180587,1467935,28,8,married,8,1
50634,228131,30,5,single,5,1
162461,5663627,29,0,married,0,1
77746,4854861,77,1,married,1,1
243079,1453650,57,0,married,0,1
245513,8739503,77,10,single,8,1
5549,9364159,77,6,married,4,0
38942,2915711,53,7,married,7,0
229850,5802033,66,15,married,9,1
218465,4416278,52,8,married,3,1
222385,8450447,72,15,single,6,0
181292,3580985,53,13,married,13,1
77111,9578850,57,13,single,11,1
231000,9916826,32,12,married,7,1
30230,2833907,61,11,married,6,0
177441,579572,70,3,married,3,0
75920,7020077,63,9,single,9,1
224310,15016,62,1,married,1,1
198920,5121883,32,7,married,5,0
91434,6710324,25,0,single,0,1
82058,532746,78,18,married,10,1
245360,366144,79,10,married,5,0
199209,7770002,25,3,single,3,0
10451,6062192,21,9,married,7,0
41566,757592,23,5,married,3,0
165975,3293636,74,15,single,6,0
85123,5351331,78,1,married,1,1
47545,7027850,45,13,single,7,0
182144,3802122,54,17,single,4,1
127748,4397222,25,13,single,8,0
111500,7457920,40,2,single,2,0
129156,8161703,34,2,married,2,0
181463,3023559,65,16,married,8,1
63224,9559020,36,12,single,12,1
31258,8489881,34,4,married,4,0
36683,4301546,66,12,single,8,1
48680,1312362,25,7,married,7,1
48254,1051945,70,7,married,7,1
139588,3527423,54,11,married,5,0
188921,4297196,37,4,married,4,0
110064,8524690,38,7,single,7,0
67928,3580985,53,13,married,13,1
33698,1960045,62,5,single,5,1
178842,4477660,30,0,married,0,1
101256,8316469,40,11,single,5,0
209525,5190338,50,9,single,6,0
70422,6715263,29,0,single,0,1
136894,1950787,53,12,married,7,1
82722,52436,37,19,married,10,1
243352,3649538,61,0,married,0,1
245196,984747,60,5,married,5,1
64530,9768584,52,14,married,11,1
93532,3730091,24,17,single,4,0
3681,96682,52,16,married,11,0
228095,9353163,76,9,single,9,1
182916,1789952,27,4,married,4,1
231501,2338467,66,11,married,11,0
142085,52436,37,19,married,10,1
222307,8822889,57,12,single,7,0
120035,4295071,42,12,single,5,0
224843,2939728,75,5,married,5,1
171965,2681632,71,13,single,4,0
132894,9775983,65,6,single,6,0
125660,9409703,53,16,married,14,0
71778,7210569,54,17,single,10,1
199923,4991059,39,11,single,11,0
31274,5129206,59,8,single,3,0
118619,2158013,21,6,single,6,1
209266,5462646,42,18,married,11,0
76910,8151369,67,11,single,6,1
32812,3545686,37,9,single,6,0
244267,9469270,60,12,married,8,1
22353,6794531,68,20,single,14,1
140193,2162609,42,0,single,0,1
13001,9991569,45,1,married,1,0
101607,6426694,47,13,single,8,0
1224,2858930,40,8,single,8,0
1605,2421681,33,8,single,4,1
93251,1151777,41,0,single,0,0
52810,7968958,36,15,single,3,0
141780,8026974,23,20,single,11,1
217782,3714198,36,15,married,10,1
14152,7932088,41,20,married,5,1
4131,9086314,74,1,single,1,1
112075,6414837,40,3,single,3,1
69783,4660421,24,2,single,2,0
78623,2929735,23,14,single,9,1
2755,8059284,72,1,single,1,1
232072,1599611,64,11,single,7,1
69311,4247262,62,15,married,4,1
124883,488193,71,18,single,8,0
8163,1657435,36,7,single,7,1
209231,7895335,34,17,single,5,1
90619,2276484,31,19,married,7,0
151825,4477660,30,0,married,0,1
207310,4305317,75,6,single,6,1
213700,1131868,46,10,single,10,1
231128,8375976,58,20,married,6,0
71233,532746,78,18,married,10,1
148386,4868070,51,17,married,6,1
179611,4128579,52,15,married,13,1
31208,5550769,59,5,married,5,0
109837,5638906,46,3,married,3,0
84013,4560641,72,7,single,7,1
47327,4936411,69,8,married,3,0
20950,389819,29,3,married,3,1
1813,8217682,67,10,single,10,1
197641,3603703,75,2,single,2,0
40428,4613553,27,13,single,13,1
126351,4343535,26,15,married,11,0
51419,8475829,54,17,married,9,0
79614,9482759,67,19,single,12,1
103242,3159546,75,5,married,3,0
77576,6683083,69,1,married,1,1
117342,1362373,21,0,single,0,1
89097,2628971,30,19,single,7,1
4588,6164439,65,4,married,4,0
225936,3218199,28,4,single,4,1
18543,6443274,79,12,single,9,1
45398,7961712,41,10,single,10,1
127381,3134138,22,14,single,8,0
146151,321358,78,17,single,9,1
2734,333219,63,1,married,1,0
12239,4392708,28,1,single,1,0
65332,6002096,32,14,single,3,1
53063,4247262,62,15,married,4,1
43893,2979441,44,7,married,7,1
132768,385066,53,1,single,1,0
38394,3306281,33,16,single,8,1
248766,9501536,37,7,single,7,1
51283,5725424,73,17,single,5,0
251966,2666519,47,20,married,3,0
217212,5474531,68,0,married,0,1
10691,4657255,28,16,single,7,1
63110,9985964,28,8,married,8,1
33635,1591082,66,3,single,3,1
8952,5952371,67,16,single,3,1
50513,3177468,42,17,married,5,0
208393,6940796,46,17,single,9,1
21354,6094810,70,17,single,10,0
12633,5336783,36,9,single,5,0
216297,5388500,63,2,single,2,1
17888,9655703,61,6,married,6,0
175273,6563391,42,9,married,9,0
216109,3950270,27,4,single,3,0
94048,7018599,53,0,single,0,1
56,1885923,46,16,single,8,1
32704,7922894,22,9,single,8,0
123859,3049346,26,5,married,3,1
166636,5188656,67,19,single,6,0
73839,5124001,78,12,single,12,1
52050,2620497,39,6,married,4,1
201460,2375695,31,17,married,10,0
36961,5738912,76,9,married,9,1
212977,2809982,78,5,married,3,0
193731,1789952,27,4,married,4,1
67424,7662947,46,17,married,3,0
5183,8817640,34,5,single,5,0
84838,6134910,60,6,married,3,1
44777,9148752,56,11,single,6,0
21272,8758130,34,20,married,9,1
6199,7429005,69,2,married,2,1
84322,3023559,65,16,married,8,1
76557,6064204,62,14,married,10,1
127722,2353606,44,19,single,4,0
26874,9763429,73,5,single,5,1
136463,7667206,74,17,married,9,1
222653,9299929,37,13,married,4,1
223434,8287745,60,10,married,3,1
103135,9148621,43,9,single,3,0
73860,6101291,45,0,single,0,1
69689,3784689,39,7,married,7,1
250019,1033966,54,17,married,6,1
138992,235563,48,5,married,5,1
210477,1477966,55,7,single,5,0
232455,8700059,71,3,single,3,0
71057,800194,33,5,single,5,1
216832,5348008,60,16,single,5,1
165616,6066397,48,13,married,13,0
91665,7567805,43,12,single,12,0
202809,5462549,50,4,married,4,0
33409,1500447,75,13,married,13,1
81727,1868963,73,16,single,7,0
39810,4806237,79,10,married,4,1
153398,7059372,43,4,married,4,1
242369,5998758,45,8,married,7,1
230352,8754754,78,5,single,5,1
136755,191452,53,1,single,1,0
238631,5183974,32,20,married,10,1
16971,8631895,27,12,married,7,0
157667,181844,33,6,married,6,0
125825,975686,37,12,single,12,0
61186,11430,70,20,single,3,0
148567,739809,55,4,single,4,1
149786,235563,48,5,married,5,1
47038,3417203,53,15,single,5,1
127847,250306,23,15,single,10,0
5475,535157,50,2,married,2,1
17337,1818095,30,1,married,1,1
236036,5569343,47,2,married,2,1
45731,8700927,41,0,married,0,1
81997,7715562,55,6,married,6,1
25228,9985964,28,8,married,8,1
47621,3371958,23,15,single,4,1
53299,4164102,63,4,married,4,0
86874,7591621,41,6,single,3,1
68406,4638141,59,18,married,3,0
54114,9364159,77,6,married,4,0
142467,6913078,38,14,married,3,1
186754,7360578,26,6,married,6,0
33983,2375695,31,17,married,10,0
4900,5381739,76,15,single,9,1
247089,2399944,49,1,single,1,0
76749,5439814,66,12,married,12,0
175961,6866088,68,19,married,10,0
140735,8693161,53,5,married,3,1
215848,2162609,42,0,single,0,1
62774,7151565,58,13,married,13,0
240666,2852112,49,12,married,11,1
65103,1670303,35,13,married,5,1
14099,731152,67,4,single,4,0
59523,9364159,77,6,married,4,0
4075,7826657,30,3,single,3,1
25251,3775596,73,1,single,1,0
96675,4292910,70,2,married,2,1
86065,9705356,34,9,married,8,0
198937,3921757,77,11,single,3,1
230698,5297230,55,8,single,7,1
87777,1291411,56,6,single,6,0
164815,5850867,30,1,married,1,1
248511,3091519,44,11,single,11,1
134096,1113251,22,10,married,10,0
218148,6653875,26,0,single,0,0
144310,1362373,21,0,single,0,1
77424,5625315,69,16,single,14,1
160687,4936411,69,8,married,3,0
60572,5023725,67,9,married,9,0
218480,9572752,29,12,married,10,1
71856,5294937,53,8,married,8,1
237353,324962,65,19,single,9,1
87258,6165156,28,7,married,7,0
136407,8026974,23,20,single,11,1
144913,4076147,25,16,married,6,1
168528,5023725,67,9,married,9,0
49577,2167931,58,13,married,9,1
127526,2087335,27,1,single,1,0
45526,1085302,69,4,single,4,1
30266,2090531,71,7,married,3,0
74728,2131115,42,19,single,14,0
226339,7679013,71,3,married,3,1
178860,1832053,63,14,married,7,1
227358,5380854,33,11,single,8,1
66337,630763,36,17,married,13,1
118772,6198292,78,17,single,7,0
129458,2699320,27,1,single,1,1
9796,6259059,70,8,married,8,1
225924,8249782,29,12,single,12,0
72419,7574572,78,5,single,5,1
196170,4872825,76,6,single,6,1
63146,9557082,70,0,married,0,1
251878,8950447,59,14,single,12,0
232960,3408897,53,5,married,4,1
162278,8927753,25,17,single,13,0
42080,8768562,67,13,married,4,0
135633,3283513,25,17,married,4,0
628,6549582,31,7,single,7,1
231500,5053956,53,6,married,6,1
101794,8545933,49,12,single,4,0
94843,4552514,32,10,married,10,0
222072,5383487,22,2,single,2,1
14287,1927409,73,15,married,4,0
121502,5975878,56,17,married,6,0
191509,3269849,43,9,single,9,0
141466,7066438,44,1,married,1,0
49453,5221691,42,17,single,4,0
230057,9982430,34,1,married,1,1
119787,5472585,63,17,married,6,0
93723,7600309,48,3,married,3,0
179678,5671193,30,20,single,11,1
80080,8251849,66,16,married,14,0
209192,874023,41,18,single,5,0
113005,4956449,21,9,single,9,0
245013,6905349,60,0,married,0,1
231693,4557197,24,19,married,8,1
170686,3049594,40,17,married,7,0
240663,8892934,37,3,married,3,1
244104,6511280,71,20,married,9,1
78753,3580985,53,13,married,13,1
151780,7145203,44,6,single,3,0
140753,4788890,62,5,married,5,0
43421,2442178,34,15,married,10,1
209576,8492379,28,16,single,14,1
150671,9103667,54,3,married,3,1
179887,9655703,61,6,married,6,1
13678,8853692,48,15,single,7,0
96535,1789952,27,4,married,4,1
211304,7673823,63,15,married,11,1
40226,1281153,71,0,married,0,0
41871,7887382,37,2,single,2,1
12099,9645128,26,2,single,2,1
9364,5301870,50,9,single,4,0
25933,2859501,61,16,married,7,1
241644,7592630,58,7,married,7,1
92049,8433425,63,13,married,6,0
217365,3335103,72,13,married,6,1
34955,7662947,46,17,married,3,0
48163,5164517,33,17,married,6,1
205342,9657655,76,0,single,0,0
88524,3038020,30,15,single,4,1
191840,16896,56,20,married,7,0
32713,2653315,76,8,married,8,1
69550,3941355,71,14,married,12,1
158134,3048347,36,17,single,14,0
110558,270761,48,1,single,1,1
178052,3980648,48,19,single,3,1
138544,3602416,48,3,single,3,1
216310,4986280,60,11,single,5,1
1756,8653449,66,0,single,0,1
48893,8693161,53,5,married,3,1
192403,2450562,21,5,single,5,0
206095,800194,33,5,single,5,1
27695,5994422,62,17,single,6,0
8195,8293745,60,12,married,12,0
18747,9872943,78,16,single,14,1
151046,9331890,68,5,single,5,1
119704,9339198,67,14,married,11,0
1198,1818095,30,1,married,1,0
213898,4236914,47,15,married,10,1
196983,7750253,45,9,single,9,0
229583,5949703,32,13,single,10,1
187549,2436293,58,5,single,5,0
122256,4536029,24,20,single,8,1
9398,235563,48,5,married,5,1
8639,8314069,31,17,single,8,1
237253,9507469,48,1,single,1,0
221629,3404282,54,10,single,5,1
148398,9215706,34,10,single,10,0
228307,712094,56,0,single,0,1
233355,4850375,35,10,single,10,1
232847,6031770,73,0,married,0,0
228033,3459967,75,4,single,4,1
179776,603307,46,12,married,12,1
85062,16890,21,8,married,7,0
148307,8393068,61,15,married,6,0
128863,1136298,22,6,single,6,0
70516,1670303,35,13,married,5,1
197741,8400754,26,13,single,13,0
110022,4816071,63,17,single,13,1
74313,5351331,78,1,married,1,1
231474,7811346,28,15,single,7,1
37822,8769550,23,13,single,9,1
9179,4910728,44,3,married,3,0
121215,6238694,59,1,single,1,1
40713,7583518,28,4,single,4,1
177314,4825118,52,1,single,1,1
141743,2277963,33,10,married,10,0
55464,3693963,41,19,single,3,0
41980,173096,40,13,single,3,0
233267,1042572,40,19,married,11,1
35389,6671351,28,14,single,13,1
125384,1818095,30,1,married,1,1
197461,8899644,39,12,married,6,0
83509,7171033,68,19,married,4,0
251926,3545575,23,19,single,14,0
82736,1888040,43,2,married,2,1
195567,6616521,58,18,married,3,0
244331,4498610,75,13,married,13,0
240816,1376534,69,3,married,3,0
6645,6894008,66,3,married,3,1
218997,6288384,30,4,married,4,0
11576,7429005,69,2,married,2,1
81097,5165629,61,0,single,0,1
156564,9639445,45,9,single,9,0
82804,9594219,32,3,single,3,1
237878,496777,56,3,married,3,1
184866,7146402,23,20,single,4,1
64565,2622163,34,8,single,4,0
199078,5250888,30,10,single,10,1
17881,52436,37,19,married,10,0
37252,7582947,64,20,married,5,1
183307,5501513,78,11,single,11,1
237979,2119182,65,0,single,0,1
5533,5403886,29,14,single,7,0
229920,3211118,49,2,single,2,1
212694,6913078,38,14,married,3,1
225776,9438040,57,7,married,7,1
50674,6558368,67,1,married,1,0
35219,681276,48,19,single,13,0
72620,1744273,33,9,married,9,0
114299,5055002,48,1,single,1,0
19112,8149390,78,1,single,1,1
74294,5600342,31,20,single,7,0
15818,5164517,33,17,married,6,1
224053,4238745,45,7,single,7,1
85422,6259059,70,8,married,8,1
51267,2304265,78,12,single,10,0
137684,2949086,42,1,single,1,0
234102,5028253,35,18,married,4,1
7647,7268991,35,7,single,7,0
222940,3420392,70,10,married,8,1
189254,4531094,41,6,single,6,0
222155,7295730,63,10,married,10,1
188950,9340860,46,11,married,11,0
82457,4128579,52,15,married,13,1
202958,7631011,39,19,married,12,0
207113,1950787,53,12,married,7,1
224744,1962261,75,12,married,12,0
192602,4627367,48,11,single,8,0
82684,5294937,53,8,married,8,1
222060,7648909,29,8,single,8,1
232367,1345758,49,14,married,8,1
51515,8149390,78,1,single,1,1
116715,9370159,76,4,single,4,0
46041,84951,48,3,married,3,0
139500,4247262,62,15,married,4,1
244675,1815549,53,20,married,12,1
182497,8542806,31,12,married,6,1
175527,5013716,29,17,single,10,1
154709,139518,22,14,married,14,0
200522,7002478,38,20,married,5,0
60051,7673823,63,15,married,11,1
208655,2935149,66,2,single,2,1
55364,322330,54,9,married,9,0
144010,6475126,48,14,single,11,1
212851,5085906,33,18,married,10,0
11260,1604428,66,20,single,12,1
136251,6894008,66,3,married,3,1
60547,3491608,30,3,single,3,0
36580,9803840,54,18,single,5,0
64291,9103667,54,3,married,3,1
241923,3899950,54,15,married,7,1
147667,1950787,53,12,married,7,1
64879,8769550,23,13,single,9,1
21929,6246061,59,6,single,5,0
145758,7315839,72,8,married,8,1
181109,794175,52,1,single,1,1
46116,5462549,50,4,married,4,0
20773,5738912,76,9,married,9,1
154810,5393575,22,1,single,1,1
110777,439745,66,4,married,4,0
186254,7642419,39,12,married,12,0
153485,6733582,24,3,single,3,1
65199,9078403,25,18,married,9,0
138538,9849899,39,8,single,5,1
246018,9361408,47,6,married,6,1
179807,5127014,76,0,married,0,0
231452,1982474,67,9,single,4,0
50582,2361934,78,0,married,0,1
47469,8542806,31,12,married,6,1
94510,8059284,72,1,single,1,1
110947,9627469,48,17,married,6,0
246791,4196392,56,15,married,5,1
200943,411534,76,8,married,8,0
103248,3283513,25,17,married,4,0
192734,5161711,52,0,married,0,0
220651,1404022,73,11,married,7,0
233953,9317378,60,4,single,4,1
142937,3264559,29,14,married,4,1
137957,6738140,65,4,single,4,0
66406,603307,46,12,married,12,1
222209,1251340,64,20,married,12,1
127931,3972267,27,10,married,7,0
144014,6569934,72,9,single,3,1
148341,4123671,30,10,single,7,0
33057,5152202,78,10,single,10,0
68306,2576636,75,17,single,11,0
40434,3231341,47,6,married,6,1
74736,3254201,31,14,married,6,0
36315,3802122,54,17,single,4,1
49634,9314999,51,20,married,7,1
63309,9500698,27,8,single,8,0
66905,9846959,34,1,single,1,0
106871,5550769,59,5,married,5,0
68544,9557082,70,0,married,0,1
246806,9977890,39,6,single,3,0
178490,1576088,37,13,single,7,1
149158,7932088,41,20,married,5,1
75116,5379845,31,5,married,5,1
220985,1819634,22,5,single,5,0
184662,3905134,74,3,married,3,0
191956,9380612,21,12,single,4,0
8174,1330107,61,13,single,11,1
206890,5294937,53,8,married,8,1
91221,5236105,23,7,married,7,0
149283,3390492,54,13,married,10,1
172893,9352887,53,6,single,6,1
181974,7171645,31,10,married,5,1
167974,9099029,64,9,married,7,0
50901,4819023,50,18,married,12,1
249688,323150,37,3,married,3,1
234233,3551985,69,18,single,6,1
216327,9809730,47,2,married,2,1
218450,691154,49,4,single,4,1
79057,3959820,78,9,married,9,1
242872,2487043,79,20,single,14,0
36904,6743958,24,15,single,11,1
223325,2117384,77,4,married,3,1
12482,5184758,55,7,single,7,1
44567,7037934,53,17,married,7,1
111846,757592,23,5,married,3,0
229748,6859989,74,10,single,9,1
46270,3580985,53,13,married,13,1
190031,7830578,43,15,married,6,0
24487,3350415,29,9,single,6,1
77077,7667206,74,17,married,9,1
25407,3218946,25,0,single,0,1
178562,2901323,56,2,married,2,0
41799,3842749,49,4,single,4,0
37431,9704512,78,15,single,11,1
228883,694791,46,16,married,10,0
217690,3481321,51,14,married,6,1
210473,510754,77,19,single,6,0
117285,3218946,25,0,single,0,1
88683,3239333,46,20,married,6,0
145499,8758130,34,20,married,9,1
219820,1345167,23,13,married,3,1
97996,2176235,50,10,single,3,0
44201,9083499,77,19,single,13,1
11327,5321383,40,2,single,2,0
223875,746609,21,1,single,1,1
186913,6859181,37,6,married,3,0
148264,1281153,71,0,married,0,0
82931,2304127,29,5,married,5,0
89762,2582117,54,11,single,3,1
245307,4435392,51,3,married,3,1
51994,3959820,78,9,married,9,1
69826,8808852,56,16,single,3,1
231415,3233030,32,9,single,3,0
34185,9139229,43,9,married,9,0
196169,9700230,55,20,single,8,1
63011,974413,35,1,single,1,1
10492,1051945,70,7,married,7,1
67194,2499276,21,0,single,0,1
13510,3058911,77,0,single,0,0
238961,9368401,65,6,married,6,0
64139,3941355,71,14,married,12,1
219745,6380945,31,9,single,9,1
97211,5990870,74,4,single,4,0
58026,5462646,42,18,married,11,0
86895,3638802,76,5,married,5,0
154871,8406226,62,19,married,7,0
17839,5294937,53,8,married,8,1
224012,8434330,69,11,married,7,0
119247,5492355,28,2,single,2,0
126520,7204122,73,14,married,14,0
86164,8758130,34,20,married,9,1
111974,3804173,21,18,married,8,0
8762,6973577,43,15,married,5,1
226704,210895,59,15,married,4,1
168667,6814840,53,13,married,3,0
178700,6963246,35,16,single,14,1
251260,3471251,72,10,married,6,1
167406,1319541,72,10,married,10,0
118844,9440590,68,11,single,10,0
208707,3390492,54,13,married,10,1
51177,4868070,51,17,married,6,1
237544,5075264,65,12,single,5,1
100968,4032380,50,6,single,6,0
178546,1509327,51,0,married,0,0
237708,124340,60,0,married,0,1
148426,4351817,31,3,married,3,1
230055,7551334,36,9,married,9,0
165656,3775596,73,1,single,1,0
230294,8250067,29,0,married,0,1
88054,4899772,62,18,single,12,0
143009,6814296,37,16,single,8,1
210112,7582947,64,20,married,5,1
93206,9768901,74,15,married,3,0
147594,1743237,66,0,single,0,1
24907,7932088,41,20,married,5,1
208122,6913338,61,16,single,11,1
80641,5164517,33,17,married,6,1
117300,7301638,75,17,single,14,0
226571,4114492,24,1,married,1,1
226812,3694828,67,13,married,9,1
230193,2328939,78,5,married,5,1
58244,6830726,29,20,married,3,1
228536,8116420,63,3,single,3,1
50346,5943449,49,3,single,3,0
77040,7037934,53,17,married,7,1
14546,972023,37,6,single,5,0
119217,7667495,24,3,married,3,0
28613,5846474,49,9,married,6,0
215688,3049346,26,5,married,3,1
61492,9038552,76,7,single,4,1
119885,1500447,75,13,married,13,1
214692,8413167,60,14,single,10,1
176587,5997509,42,1,single,1,1
158053,7761009,38,3,single,3,1
217159,3355517,36,0,married,0,1
132465,7192065,61,11,married,11,0
46331,8878375,65,7,single,7,1
78607,2859480,30,14,single,10,1
105584,7059529,63,8,single,8,0
94122,4819023,50,18,married,12,0
180031,3255548,63,14,single,14,0
164397,5239354,69,1,married,1,0
62216,2549997,51,15,married,13,1
25264,817450,32,15,married,4,0
67125,7500815,31,18,married,14,0
77288,5294937,53,8,married,8,1
105834,9899126,68,2,single,2,0
33265,4486618,31,6,single,6,0
96298,3803419,61,16,married,11,0
30591,96682,52,16,married,11,0
205542,1670303,35,13,married,5,1
175778,3373735,44,4,single,4,1
200437,1202104,69,4,single,4,0
241176,1654971,39,16,single,8,1
121512,9071461,63,18,married,8,0
85433,2859501,61,16,married,7,1
73212,6608769,74,8,married,3,1
124885,2888327,52,19,single,8,0
245200,7311684,34,1,married,1,0
194968,346205,68,14,single,6,0
51502,2143718,25,0,single,0,1
139728,1789952,27,4,married,4,1
77712,6913078,38,14,married,3,1
50673,9842635,60,7,married,7,0
215039,2859501,61,16,married,7,1
111432,1969474,65,12,single,12,1
23368,7581703,40,9,married,9,1
71935,4276227,31,11,single,11,1
172232,5379845,31,5,married,5,0
2518,7171033,68,19,married,4,0
243033,6029374,70,20,married,14,0
21332,6198507,28,14,single,12,0
152601,9409703,53,16,married,14,0
81025,9760667,63,17,single,13,1
157359,215207,32,7,married,7,0
238643,1665663,67,15,single,12,0
202585,8553255,53,12,single,12,0
201839,2361934,78,0,married,0,0
24280,6176694,66,10,single,7,0
155742,6164439,65,4,married,4,0
210341,7721706,68,11,single,3,1
37352,7049933,23,16,single,5,1
216135,3640438,53,6,married,6,0
230314,141567,26,0,married,0,1
201221,1298588,67,8,single,8,0
100368,7360578,26,6,married,6,0
211125,4939664,61,14,married,4,0
135815,215207,32,7,married,7,1
178249,535157,50,2,married,2,1
217036,9695755,43,13,single,3,1
5359,9482746,68,10,single,6,1
216316,2715590,33,1,married,1,1
13325,3264559,29,14,married,4,1
118162,8574834,43,12,married,12,0
245331,6393206,36,8,married,6,1
97855,4477660,30,0,married,0,0
50186,3167295,32,5,single,4,0
68618,6134910,60,6,married,3,1
246525,6412500,71,11,married,10,0
81336,1670303,35,13,married,5,1
206930,52436,37,19,married,10,1
60958,672968,68,18,married,5,0
80034,6653271,49,11,single,11,1
24033,5239354,69,1,married,1,0
193048,4069278,28,14,married,13,0
168724,6701205,71,13,married,5,0
49796,1742621,75,17,married,3,1
8258,3114473,49,16,married,10,1
54332,681770,28,5,single,5,0
245381,7907385,64,6,single,6,1
48844,1670303,35,13,married,5,1
82475,911309,69,12,single,9,1
113273,7475587,26,16,single,7,1
248916,4901476,39,16,married,4,1
142137,9400073,68,1,married,1,0
243641,3513843,53,5,married,5,0
